日期,品类,预测批发价,损耗率,正常销售价格弹性,价格关系可靠,R,latent维度,建议加成率,建议售价,建议补货量,预测需求量,预计满足量,预计满足率,预计利润
2023-07-01,花叶类,3.292142101887832,0.1283,-0.7950517001280202,True,1,85,0.7699999424231762,5.8270913307903776,223.60083657820945,237.65217920333941,180.7105243618101,0.7603991891325809,316.891001774823
2023-07-02,花叶类,3.292142101887832,0.1283,-0.7950517001280202,True,1,85,0.7699999420032237,5.827091329407834,216.74242478255354,233.62043376525418,174.3688115780945,0.7463765423588901,302.5161281739616
2023-07-03,花叶类,3.292142101887832,0.1283,-0.7950517001280202,True,1,85,0.767909068091782,5.820207875374237,158.37925784180825,172.22248508870732,127.08877436504076,0.7379336925697051,218.27606262430422
2023-07-04,花叶类,3.292142101887832,0.1283,-0.7950517001280202,True,1,85,0.7675159320496016,5.818913615658006,156.22166791346027,165.25003094513778,125.50077181898114,0.7594598990462325,215.97421974801583
2023-07-05,花叶类,3.292142101887832,0.1283,-0.7950517001280202,True,1,85,0.7679477517415337,5.8203352274462405,159.2429639767311,167.63309918801383,127.83656498028974,0.7625973963346635,219.801196373297
2023-07-06,花叶类,3.292142101887832,0.1283,-0.7950517001280202,True,1,85,0.7674002141625478,5.8185326559300945,155.0983108326541,163.41820598783082,124.83522424726203,0.7639003469206979,215.75214986918414
2023-07-07,花叶类,3.292142101887832,0.1283,-0.7950517001280202,True,1,85,0.7693167321268858,5.824842105409516,167.85854785777556,177.74675287937308,135.04251171177293,0.7597467156174652,233.9871156746562
2023-07-01,花菜类,8.000358660933962,0.1551,-1.0673360170463346,True,1,85,0.6345019999338678,13.076602231484802,50.57996032983434,65.25934587121682,39.72423545355243,0.6087133562745859,114.80020228146508
2023-07-02,花菜类,8.000358660933962,0.1551,-1.0673360170463346,True,1,85,0.6338832923228883,13.071652348690716,50.05028547347921,61.719035961832695,39.06841613314573,0.6330043158371074,110.26851863649392
2023-07-03,花菜类,8.000358660933962,0.1551,-1.0673360170463346,True,1,85,0.6236585853110084,12.98985102539271,34.15732540634121,42.9340571362357,26.686721614338268,0.6215746517888493,73.38568397742021
2023-07-04,花菜类,8.000358660933962,0.1551,-1.0673360170463346,True,1,85,0.6235344350925922,12.988857779117547,34.838213899832915,43.732829161260845,27.397934618664923,0.6264843858520455,77.14966989840165
2023-07-05,花菜类,8.000358660933962,0.1551,-1.0673360170463346,True,1,85,0.6235146492275276,12.988699485100614,34.6901363988155,43.1426865508212,27.05365411115094,0.6270739324330739,73.85825003635226
2023-07-06,花菜类,8.000358660933962,0.1551,-1.0673360170463346,True,1,85,0.6231334072589548,12.98564941261543,33.916611356652204,42.847596978181585,26.52390323144032,0.6190289561616851,73.08505300089783
2023-07-07,花菜类,8.000358660933962,0.1551,-1.0673360170463346,True,1,85,0.6271044000564078,13.01741877923504,39.51307826052835,48.44767664557214,30.64691629092624,0.6325776262735853,82.82494576936801
2023-07-01,水生根茎类,12.563152990918143,0.1365,-0.6155981729215607,True,1,85,0.5530729647408492,19.511493262098107,21.44521272553203,31.727985825738116,17.356712484162568,0.5470474104310333,69.23589029326851
2023-07-02,水生根茎类,12.563152990918143,0.1365,-0.6155981729215607,True,1,85,0.5505920831661546,19.48032556732287,19.20246344181985,29.981813048817294,15.526812127092214,0.5178743560908404,61.2238692363178
2023-07-03,水生根茎类,12.563152990918143,0.1365,-0.6155981729215607,True,1,85,0.5436127338204135,19.39264293371526,12.567162798633596,18.272360005142435,10.178135371138538,0.557023579235199,39.49775608249822
2023-07-04,水生根茎类,12.563152990918143,0.1365,-0.6155981729215607,True,1,85,0.544050183830424,19.3981386851169,13.46751087685438,19.258423057670793,10.890404117483866,0.565487843156822,42.05916985514446
2023-07-05,水生根茎类,12.563152990918143,0.1365,-0.6155981729215607,True,1,85,0.542913887232485,19.383863217113934,12.472266993640448,18.400074091274206,10.048010833308354,0.5460853463668052,38.07826921224449
2023-07-06,水生根茎类,12.563152990918143,0.1365,-0.6155981729215607,True,1,85,0.5426294682511239,19.380290017937572,12.115631773586065,17.514796104641235,9.83885010414397,0.5617450551729106,38.46923290813474
2023-07-07,水生根茎类,12.563152990918143,0.1365,-0.6155981729215607,True,1,85,0.5457875260792566,19.41996518158657,14.894812036200559,22.92322872666415,12.008221282418273,0.5238451103727106,46.073436815593034
2023-07-01,茄类,4.590124850948491,0.0668,-0.1686553058648785,False,1,85,0.5746668014388212,7.227917217247906,19.48685509223324,24.463466890363314,16.98022075511315,0.6941052480914726,33.28453212286065
2023-07-02,茄类,4.590124850948491,0.0668,-0.1686553058648785,False,1,85,0.5746668014388212,7.227917217247906,18.37536062048799,23.41019821239676,16.046407522428456,0.6854451797819959,31.63690577709475
2023-07-03,茄类,4.590124850948491,0.0668,-0.1686553058648785,False,1,85,0.5746668014388212,7.227917217247906,14.273129780270521,17.786700973584868,12.365541726334246,0.6952127741225528,23.861664239135994
2023-07-04,茄类,4.590124850948491,0.0668,-0.1686553058648785,False,1,85,0.5746668014388212,7.227917217247906,12.88356844968234,16.352290683154486,11.17834073162467,0.6835947909818028,21.658933724590685
2023-07-05,茄类,4.590124850948491,0.0668,-0.1686553058648785,False,1,85,0.5746668014388212,7.227917217247906,12.806130187607454,15.863443826303973,11.118135514365258,0.7008651864061017,21.579226689357416
2023-07-06,茄类,4.590124850948491,0.0668,-0.1686553058648785,False,1,85,0.5746668014388212,7.227917217247906,13.138011379550067,16.278827231731665,11.468842587439497,0.7045251125390496,22.590732274343114
2023-07-07,茄类,4.590124850948491,0.0668,-0.1686553058648785,False,1,85,0.5746668014388212,7.227917217247906,15.022060433780851,18.52717483180746,13.19152022776962,0.7120092700330335,26.394083266422506
2023-07-01,辣椒类,3.547082087016438,0.0924,-0.6346499616294883,True,1,85,0.7441965554077989,6.186808357922778,113.90488966930516,131.9808170398673,95.28933719904333,0.7219938422586017,185.50687403438704
2023-07-02,辣椒类,3.547082087016438,0.0924,-0.6346499616294883,True,1,85,0.7415263200126971,6.177336813784695,108.44239043982931,123.5109789826653,90.6320647395265,0.7337976387689928,175.21072942243356
2023-07-03,辣椒类,3.547082087016438,0.0924,-0.6346499616294883,True,1,85,0.7279447182867601,6.129161757589633,79.25653223919184,90.47051863412325,66.11971196035923,0.7308426320374878,124.12898418559736
2023-07-04,辣椒类,3.547082087016438,0.0924,-0.6346499616294883,True,1,85,0.725129626515191,6.119176395993392,74.59198300097394,87.9267929813958,62.391892902625926,0.7095890886845749,117.20311161330687
2023-07-05,辣椒类,3.547082087016438,0.0924,-0.6346499616294883,True,1,85,0.727225124429287,6.126609299107863,78.89898878969142,90.01366073683685,65.81535498452052,0.7311707405938941,123.36377605262327
2023-07-06,辣椒类,3.547082087016438,0.0924,-0.6346499616294883,True,1,85,0.7275495687636787,6.127760129794617,79.10003145418736,90.79733091114663,66.0604962012249,0.7275598912248978,124.22857012272996
2023-07-07,辣椒类,3.547082087016438,0.0924,-0.6346499616294883,True,1,85,0.7306896124776353,6.138898122604841,85.25219795533398,98.94978128219111,71.58184101622493,0.7234158589202274,137.0370851809569
2023-07-01,食用菌,3.7092366594593202,0.09449999999999999,-0.16834598851778015,False,1,85,0.6143794133185154,5.988115302157468,53.021547302092074,68.09053636910421,44.48121625433728,0.6532657638825774,69.68918471699624
2023-07-02,食用菌,3.7092366594593202,0.09449999999999999,-0.16834598851778015,False,1,85,0.6143794133185154,5.988115302157468,51.96533488251319,65.34736351911309,43.455027097712104,0.6649851617196796,67.46198755217917
2023-07-03,食用菌,3.7092366594593202,0.09449999999999999,-0.16834598851778015,False,1,85,0.6143794133185154,5.988115302157468,34.294720374983676,44.855662054897245,28.891074939381312,0.6440898119845507,45.79585389949142
2023-07-04,食用菌,3.7092366594593202,0.09449999999999999,-0.16834598851778015,False,1,85,0.6143794133185154,5.988115302157468,32.777206219206015,42.070066560546714,27.471635460000215,0.6529971950594227,42.924905770382026
2023-07-05,食用菌,3.7092366594593202,0.09449999999999999,-0.16834598851778015,False,1,85,0.6143794133185154,5.988115302157468,36.518683510618445,46.33762229668661,30.65314156244648,0.6615173598287615,48.098106416506305
2023-07-06,食用菌,3.7092366594593202,0.09449999999999999,-0.16834598851778015,False,1,85,0.6143794133185154,5.988115302157468,35.22101456456829,44.1192874712984,29.561597651678554,0.6700379662955734,46.375176847991256
2023-07-07,食用菌,3.7092366594593202,0.09449999999999999,-0.16834598851778015,False,1,85,0.6143794133185154,5.988115302157468,42.735401751927604,54.002408990313725,35.84327734789918,0.6637347855042596,56.11795873145729
