品类,价格响应模型,含时间趋势,验证截止日,WAPE,MAE,RMSE,价格系数
花叶类,半对数,否,2022-10-14,0.30783213022463995,87.2290274851795,144.4345436240764,-0.15159835654640186
花叶类,半对数,否,2022-11-18,0.6480704450578479,278.9344263719818,443.1620823020532,-0.14688269213941715
花叶类,半对数,否,2022-12-23,0.32486109418681275,82.97769139139439,86.97560992364478,-0.14946598946582057
花叶类,半对数,否,2023-01-27,0.23282139403229782,45.95039531079469,47.77625351076776,-0.14005064653328017
花叶类,半对数,否,2023-03-03,0.29678658316279616,33.65296984949593,35.87072435802671,-0.13775090050455369
花叶类,半对数,否,2023-04-07,0.4329645904710558,49.67476968975647,50.69263911620841,-0.13824062245057678
花叶类,半对数,否,2023-05-12,0.11774842603535977,17.513530822017586,21.511897493505785,-0.13725455547582494
花叶类,半对数,否,2023-06-16,0.19814909216193416,31.354432975388477,34.49950773496821,-0.13711936399604346
花叶类,半对数,是,2022-10-14,0.3021615459184597,85.62217912292485,164.8369848116736,-0.1844334136273488
花叶类,半对数,是,2022-11-18,0.704115997370414,303.05685643220625,468.1056253963355,-0.19124846032118345
花叶类,半对数,是,2022-12-23,0.48452620546480263,123.76017524887656,126.67689992329244,-0.1921863123232562
花叶类,半对数,是,2023-01-27,0.38864961639855283,76.70516528401512,77.80684392341256,-0.1670085893803257
花叶类,半对数,是,2023-03-03,0.08462825067227531,9.596094061730067,13.807439303813876,-0.1609346311996861
花叶类,半对数,是,2023-04-07,0.24225457637643455,27.794282841227837,30.0647968082578,-0.1615568715010661
花叶类,半对数,是,2023-05-12,0.14236332725514977,21.17467386833103,26.97805651409623,-0.16092174599558207
花叶类,半对数,是,2023-06-16,0.22495130068400776,35.59552255863504,43.931176271511234,-0.15797213588941902
花叶类,对数-对数,否,2022-10-14,0.3002054042446154,85.0678759197207,144.2601698771548,-0.8966640838973603
花叶类,对数-对数,否,2022-11-18,0.6237720620144226,268.47621833661987,434.1763732341712,-0.8624584839372589
花叶类,对数-对数,否,2022-12-23,0.3287621401418131,83.97411661174263,88.12873693132846,-0.8663666132683902
花叶类,对数-对数,否,2023-01-27,0.24369234904419865,48.09592271079561,49.89922208924841,-0.8141436905367947
花叶类,对数-对数,否,2023-03-03,0.28452502924400785,32.262618237440044,34.558407917520384,-0.8007074268571975
花叶类,对数-对数,否,2023-04-07,0.4512783982955827,51.77594425656356,52.97777813564894,-0.8032881833406766
花叶类,对数-对数,否,2023-05-12,0.11804113073936656,17.557066799762485,21.268062098846233,-0.7953099094127553
花叶类,对数-对数,否,2023-06-16,0.20170428518715522,31.91699453046623,35.21625077049988,-0.7939844270756646
花叶类,对数-对数,是,2022-10-14,0.309311209089092,87.64814751279287,166.10384023854087,-1.0518607329832002
花叶类,对数-对数,是,2022-11-18,0.6804316473714089,292.8629328682702,458.79694550898796,-1.0859016498185385
花叶类,对数-对数,是,2022-12-23,0.48596411756805546,124.12745415326594,127.0837673608698,-1.0911131192070092
花叶类,对数-对数,是,2023-01-27,0.39504856079712336,77.96808197562002,79.07189987085951,-0.9557386106643374
花叶类,对数-对数,是,2023-03-03,0.07756539704733739,8.795229017365642,13.134623788782234,-0.9211595240761951
花叶类,对数-对数,是,2023-04-07,0.26279136201365993,30.15050346330494,32.62184127911087,-0.9242526850584052
花叶类,对数-对数,是,2023-05-12,0.14526399188702566,21.60610960930169,27.459061695461276,-0.9193156269141255
花叶类,对数-对数,是,2023-06-16,0.22771610760129304,36.03301612588826,44.49693291982342,-0.9018253408441301
花菜类,半对数,否,2022-10-14,0.2313189468994971,11.24768551960499,20.70397458995762,-0.13360432581204768
花菜类,半对数,否,2022-11-18,0.4354982957268318,31.01587755145373,42.05463587299497,-0.13465083876845255
花菜类,半对数,否,2022-12-23,0.2110755408324613,7.671419916961044,9.4249402745148,-0.12996218510293034
花菜类,半对数,否,2023-01-27,0.18579676086403607,7.637016600949748,9.261945877921399,-0.12711087182576913
花菜类,半对数,否,2023-03-03,0.26559100722730844,6.230347672255585,8.8871390472704,-0.12630221693401153
花菜类,半对数,否,2023-04-07,0.18959326646907593,3.7756144779698837,4.308295784826587,-0.12315657285889198
花菜类,半对数,否,2023-05-12,0.20676137507238868,5.768849125894717,6.575381325564525,-0.1196764771946286
花菜类,半对数,否,2023-06-16,0.18011477063814768,3.08919989257791,4.24089705939279,-0.11518142625480376
花菜类,半对数,是,2022-10-14,0.31542311727853534,15.33717871499683,25.140880882717894,-0.12226234113337608
花菜类,半对数,是,2022-11-18,0.4465240373442544,31.801122993916838,47.29272817717455,-0.12855111423033572
花菜类,半对数,是,2022-12-23,0.14108496813190227,5.1276525467721985,5.410132957996034,-0.12741039458809378
花菜类,半对数,是,2023-01-27,0.18973620556260606,7.798944098617582,10.188406510182189,-0.1245292334461334
花菜类,半对数,是,2023-03-03,0.33551249576389497,7.870595916699061,9.937502977358308,-0.12324023155518338
花菜类,半对数,是,2023-04-07,0.15956180838360914,3.1775594412393025,3.8903473464289124,-0.12060574681790978
花菜类,半对数,是,2023-05-12,0.23734970895463012,6.622294229543136,7.817665962520521,-0.11704746506797589
花菜类,半对数,是,2023-06-16,0.17738061117239107,3.0423055423922998,4.1509841010862,-0.11209459197957905
花菜类,对数-对数,否,2022-10-14,0.24139736330438447,11.737739878650006,21.714334703382626,-1.246607333370244
花菜类,对数-对数,否,2022-11-18,0.4457073527579399,31.742959301025653,43.0762183553175,-1.2581766528987801
花菜类,对数-对数,否,2022-12-23,0.20759657404366036,7.5449788570030965,9.115315360903105,-1.1931242711405483
花菜类,对数-对数,否,2023-01-27,0.18183796959784893,7.474293879202782,9.148797685597717,-1.164487969844165
花菜类,对数-对数,否,2023-03-03,0.2681138759369872,6.289530207676676,8.96013744963549,-1.1567833751900494
花菜类,对数-对数,否,2023-04-07,0.16050779138407614,3.196398016991459,3.7674422941310755,-1.1228530041490858
花菜类,对数-对数,否,2023-05-12,0.2211046276430857,6.169040215869734,7.194195649396859,-1.0811321242303769
花菜类,对数-对数,否,2023-06-16,0.19382291784881464,3.324312242001548,4.791278986888745,-1.0556251305211972
花菜类,对数-对数,是,2022-10-14,0.34872098944812374,16.95625920820978,26.250539781246413,-1.1402076419902458
花菜类,对数-对数,是,2022-11-18,0.4541043932583014,32.34099052757533,47.805886274507806,-1.1967099225206737
花菜类,对数-对数,是,2022-12-23,0.14283120512921357,5.191118532589765,5.565269057664763,-1.16576859859813
花菜类,对数-对数,是,2023-01-27,0.18975536610102225,7.799731676125861,10.298629215656046,-1.1370550446123757
花菜类,对数-对数,是,2023-03-03,0.3368880333959494,7.902863867987923,9.975260697683412,-1.125493814305461
花菜类,对数-对数,是,2023-04-07,0.14299232758179375,2.8475900664145786,3.991626368847643,-1.097416645952837
花菜类,对数-对数,是,2023-05-12,0.24618299007360492,6.868751606043651,8.202288236018859,-1.056633619485533
花菜类,对数-对数,是,2023-06-16,0.17987505965637465,3.085088541040669,4.458538740085802,-1.0286072453846982
水生根茎类,半对数,否,2022-10-14,0.45697919377335894,27.44649679173778,33.9553295677698,-0.06772619279131517
水生根茎类,半对数,否,2022-11-18,0.7494473755839031,73.52710431551796,110.21231017940904,-0.06803373492050133
水生根茎类,半对数,否,2022-12-23,0.2526980476118105,17.24992682412502,18.987853171836097,-0.06759836095756408
水生根茎类,半对数,否,2023-01-27,0.691892045859832,31.12674051742128,34.69833293001621,-0.06619798544080366
水生根茎类,半对数,否,2023-03-03,0.5359565103306824,12.171572349609798,13.080208942406633,-0.05952632464661589
水生根茎类,半对数,否,2023-04-07,0.3678722725214798,7.177923781439114,8.525482877532383,-0.05975008876850518
水生根茎类,半对数,否,2023-05-12,0.2934345931529028,3.5613737378691885,5.089250473300646,-0.06057040385155571
水生根茎类,半对数,否,2023-06-16,0.3115689881320636,5.3483487404195555,8.337864783197475,-0.05818359654847796
水生根茎类,半对数,是,2022-10-14,0.38935338721247503,23.384842545543545,30.446785935556143,-0.06402982766995635
水生根茎类,半对数,是,2022-11-18,0.7024495194441807,68.91621850342374,107.04786869293021,-0.06235489917024456
水生根茎类,半对数,是,2022-12-23,0.1871562555868606,12.775847475125866,16.04126311524921,-0.06162327426137337
水生根茎类,半对数,是,2023-01-27,0.99148449741625,44.604762929119765,48.08684263750628,-0.059830194201698605
水生根茎类,半对数,是,2023-03-03,0.7796579457593353,17.706031948194504,18.71901134808817,-0.05257286914347126
水生根茎类,半对数,是,2023-04-07,0.3302871966492628,6.444563781020416,7.29955184704233,-0.05353188453725022
水生根茎类,半对数,是,2023-05-12,0.24050663022712687,2.9189946129766065,4.209086441950905,-0.053500196521292814
水生根茎类,半对数,是,2023-06-16,0.3174145961953862,5.448693613347686,7.808688289165912,-0.04987434140497965
水生根茎类,对数-对数,否,2022-10-14,0.44341160575732474,26.631617764360467,33.39924099595182,-0.798813780635991
水生根茎类,对数-对数,否,2022-11-18,0.7466744330835284,73.2550552842873,109.9918381790362,-0.8024365260902331
水生根茎类,对数-对数,否,2022-12-23,0.2599390100723011,17.744216644565487,19.499484178100122,-0.787859281775652
水生根茎类,对数-对数,否,2023-01-27,0.744524794639863,33.49457510057321,36.448036936512096,-0.7556113896436323
水生根茎类,对数-对数,否,2023-03-03,0.5586889711205933,12.687826534148673,13.976950021932355,-0.6387461066461835
水生根茎类,对数-对数,否,2023-04-07,0.3697518080430345,7.214597278535689,8.589834551006986,-0.639975737712452
水生根茎类,对数-对数,否,2023-05-12,0.2911845187794812,3.5340649066381666,4.9634809197869085,-0.6492640752004717
水生根茎类,对数-对数,否,2023-06-16,0.310592188581732,5.331581138881356,8.138920800592055,-0.625077520501997
水生根茎类,对数-对数,是,2022-10-14,0.39648319145809696,23.813063681252917,30.978921369640403,-0.7421601835773602
水生根茎类,对数-对数,是,2022-11-18,0.707791312341909,69.44029341037388,107.36876178849165,-0.7006235698809006
水生根茎类,对数-对数,是,2022-12-23,0.20035852678028965,13.677074113602913,16.251856118688572,-0.6790199265928063
水生根茎类,对数-对数,是,2023-01-27,0.9946580513896272,44.7475343219092,47.853357492265175,-0.6420955014561629
水生根茎类,对数-对数,是,2023-03-03,0.7642583895765211,17.356308027282797,18.593203683208912,-0.531061772901656
水生根茎类,对数-对数,是,2023-04-07,0.33523042696700217,6.541016090980146,7.440246427543038,-0.5437574096942369
水生根茎类,对数-对数,是,2023-05-12,0.2365941837278425,2.8715098087357203,4.005548790976008,-0.5364495978599211
水生根茎类,对数-对数,是,2023-06-16,0.3106466345932376,5.332515751336861,7.55014218237437,-0.49635790662940704
茄类,半对数,否,2022-10-14,1.0732038111574174,12.835977525933206,14.127754966550349,-0.0701714882096881
茄类,半对数,否,2022-11-18,0.7344223720346701,13.58377127567154,19.642009618340854,-0.06082641809236751
茄类,半对数,否,2022-12-23,0.38216421520507887,2.941736343985038,3.5596727184001984,-0.05036452437409156
茄类,半对数,否,2023-01-27,0.36801974332892523,6.176527926538399,7.391531848939092,-0.03632926238794231
茄类,半对数,否,2023-03-03,0.594247659048659,6.90600672337263,7.132729504800062,-0.03941690801441569
茄类,半对数,否,2023-04-07,0.6068862496125783,8.520162756346647,8.870561332750277,-0.03974098157571988
茄类,半对数,否,2023-05-12,0.3285195051712947,6.714469372122447,8.163162685244517,-0.039982055439882404
茄类,半对数,否,2023-06-16,0.22037603743725379,7.15803407199944,8.438563364789234,-0.04012014497347423
茄类,半对数,是,2022-10-14,0.7118216757225834,8.51369230807455,12.022875054160846,-0.02442842206918673
茄类,半对数,是,2022-11-18,0.7797139393896845,14.421477635245978,21.724015672472795,-0.01640223418590113
茄类,半对数,是,2022-12-23,0.331560481905196,2.552210492356811,3.1567146776606094,-0.01645663653164823
茄类,半对数,是,2023-01-27,0.210981512741076,3.5409328685495844,5.621832940596571,-0.0066955049617137136
茄类,半对数,是,2023-03-03,0.16247909561950472,1.8882392040923872,2.080885141765043,-0.006121724978854208
茄类,半对数,是,2023-04-07,0.1618868795056385,2.272753028076731,2.659780784282454,-0.00919643513450593
茄类,半对数,是,2023-05-12,0.24996397718737967,5.108906602314058,5.8799567652656455,-0.01553069475526464
茄类,半对数,是,2023-06-16,0.2938632165287295,9.544971136069663,13.173590274618212,-0.015596807228964386
茄类,对数-对数,否,2022-10-14,1.036040308836959,12.391486110965245,13.831626536209253,-0.6992916916176853
茄类,对数-对数,否,2022-11-18,0.7360363810429097,13.613623755715224,19.549176810527523,-0.6137005607560454
茄类,对数-对数,否,2022-12-23,0.3797025748640853,2.922787691628787,3.5459239100048534,-0.46786873416213265
茄类,对数-对数,否,2023-01-27,0.3716079491739464,6.236749297836225,7.386038269395393,-0.36859516487241095
茄类,对数-对数,否,2023-03-03,0.5888514992500531,6.843295637713118,7.091624534193381,-0.3939565641969494
茄类,对数-对数,否,2023-04-07,0.5938000564189994,8.33644382064582,8.691504472628274,-0.3981940078875181
茄类,对数-对数,否,2023-05-12,0.3270387945404655,6.6842057621292,8.127991582269866,-0.40017710470388834
茄类,对数-对数,否,2023-06-16,0.2178887563581372,7.0772446952686545,8.776207665010904,-0.3967297250322881
茄类,对数-对数,是,2022-10-14,0.712262133278468,8.518960369210454,12.040029373395578,-0.2989340145589413
茄类,对数-对数,是,2022-11-18,0.7757626867016559,14.34839582999287,21.6087256202424,-0.2183439595924836
茄类,对数-对数,是,2022-12-23,0.3305655177855205,2.544551684976743,3.1470154593722817,-0.1751391271145441
茄类,对数-对数,是,2023-01-27,0.21206162971587414,3.5590606260400466,5.656586671913684,-0.11295432497481186
茄类,对数-对数,是,2023-03-03,0.16141987059363855,1.875929496113214,2.064180996464214,-0.10793724454041947
茄类,对数-对数,是,2023-04-07,0.16097860974762826,2.2600016991912026,2.6691984526600567,-0.1303046759821414
茄类,对数-对数,是,2023-05-12,0.24979069887410438,5.105365041131159,5.83649756826953,-0.18180924779276308
茄类,对数-对数,是,2023-06-16,0.30275678815133117,9.833843235943387,13.384185702554747,-0.17119271477878864
辣椒类,半对数,否,2022-10-14,0.5318378487457529,82.81763785301757,129.87092437382756,-0.0312869080436522
辣椒类,半对数,否,2022-11-18,0.6626850394975888,128.97677985946268,177.4222016311986,-0.043333899947776824
辣椒类,半对数,否,2022-12-23,0.29522716922222053,34.83984259053402,39.35340378097553,-0.05336969490387723
辣椒类,半对数,否,2023-01-27,0.17137172877324866,28.798137680025032,33.88244349985509,-0.0577915621158816
辣椒类,半对数,否,2023-03-03,0.09462108952280246,10.107208506049707,13.50222219274765,-0.056455792313961736
辣椒类,半对数,否,2023-04-07,0.08958971607338169,6.865336733888445,9.43302779422634,-0.05825407260083512
辣椒类,半对数,否,2023-05-12,0.14953132935615132,11.43348586684852,15.649098860038082,-0.0583480230339669
辣椒类,半对数,否,2023-06-16,0.36731978544614924,36.99833786331845,44.330130107557956,-0.058010371135414754
辣椒类,半对数,是,2022-10-14,0.5570765887331998,86.74780723279423,132.47177778620747,-0.03512826547967608
辣椒类,半对数,是,2022-11-18,0.663136518257703,129.06465007409528,177.49134365829119,-0.0435028555013947
辣椒类,半对数,是,2022-12-23,0.2903299045138417,34.26191498307975,38.850611759470375,-0.05166950887425037
辣椒类,半对数,是,2023-01-27,0.16706767036278297,28.074862799303816,32.615776138405295,-0.0533722606253586
辣椒类,半对数,是,2023-03-03,0.08081248158935289,8.632204569131044,12.095824420960998,-0.05241219824264101
辣椒类,半对数,是,2023-04-07,0.1179383775911516,9.037718964847883,11.767249857082438,-0.05213128577526316
辣椒类,半对数,是,2023-05-12,0.09843012032049149,7.526177921391179,12.218569603422418,-0.05004486313376298
辣椒类,半对数,是,2023-06-16,0.3054077782097157,30.762242089856215,38.776010100444985,-0.04699185964942454
辣椒类,对数-对数,否,2022-10-14,0.4974389032302517,77.46104388561388,127.00730417111006,-0.45835251991555126
辣椒类,对数-对数,否,2022-11-18,0.5813660325207635,113.14985902058008,165.07942348800245,-0.5858812000038812
辣椒类,对数-对数,否,2022-12-23,0.18926411695009518,22.335112516742715,24.696415287298784,-0.6297066140841184
辣椒类,对数-对数,否,2023-01-27,0.18240634980632517,30.652448995153943,35.50695053666141,-0.6422135868474604
辣椒类,对数-对数,否,2023-03-03,0.08726359670129283,9.321297939982498,12.728536798096705,-0.6287042652715888
辣椒类,对数-对数,否,2023-04-07,0.08414173713518146,6.447853438157929,9.552750713369056,-0.6432662057613463
辣椒类,对数-对数,否,2023-05-12,0.17405184788256345,13.308377257346262,17.384271013402163,-0.6411209139388613
辣椒类,对数-对数,否,2023-06-16,0.365743562903481,36.83957262253354,44.0575974529966,-0.6344603649606716
辣椒类,对数-对数,是,2022-10-14,0.5356859064550771,83.41685630006847,130.8408129816622,-0.5328797353623617
辣椒类,对数-对数,是,2022-11-18,0.5896959082712969,114.77108250820818,166.2771389966367,-0.641983995165846
辣椒类,对数-对数,是,2022-12-23,0.19277333348342154,22.749236162473856,25.031461324123704,-0.6865672223701912
辣椒类,对数-对数,是,2023-01-27,0.185521040110769,31.175856682408448,36.3985626029129,-0.6675960299435822
辣椒类,对数-对数,是,2023-03-03,0.09936448061356985,10.613886700328703,13.948708558299964,-0.6623800610700047
辣椒类,对数-对数,是,2023-04-07,0.08064625240503404,6.179991447156963,9.052703753128949,-0.6572043933145786
辣椒类,对数-对数,是,2023-05-12,0.16369820344733016,12.516715417447392,16.568906672461654,-0.6251956760909044
辣椒类,对数-对数,是,2023-06-16,0.3340545913266081,33.64769643345708,41.18376894908771,-0.5766948052658377
食用菌,半对数,否,2022-10-14,0.5165183730242576,74.64627602105865,102.12378344569206,0.012153555105437948
食用菌,半对数,否,2022-11-18,0.6963299186165001,108.21762740921689,162.55168479131524,0.003846166041502303
食用菌,半对数,否,2022-12-23,0.24476899138236902,29.453822007013382,32.09954194431985,0.0025703383063378805
食用菌,半对数,否,2023-01-27,0.18898397916555343,20.79317828938049,23.36664628074476,-0.0010894643155069036
食用菌,半对数,否,2023-03-03,0.236345637951801,13.743904010848002,15.023406365286375,-0.002512187499967941
食用菌,半对数,否,2023-04-07,0.27238342720426145,14.016345308995056,19.108964179576976,-0.010164685598178638
食用菌,半对数,否,2023-05-12,0.32604764757451093,18.293555362463085,20.50520533101298,-0.021502595487424156
食用菌,半对数,否,2023-06-16,0.2547820581016616,13.218165969187949,16.967564027658316,-0.02724622100886083
食用菌,半对数,是,2022-10-14,0.646238641127129,93.3932082582163,117.24609266589378,-0.02374624769917444
食用菌,半对数,是,2022-11-18,0.6924096470942689,107.60837241155905,172.08263418117545,-0.025917809254110885
食用菌,半对数,是,2022-12-23,0.38616326172315907,46.46823893911316,47.8792792641849,-0.025979905146751178
食用菌,半对数,是,2023-01-27,0.2717040478679147,29.894548385579164,33.470266823920284,-0.022060599881308707
食用菌,半对数,是,2023-03-03,0.31969481634421576,18.59080161867274,20.952953302653167,-0.02108072105829674
食用菌,半对数,是,2023-04-07,0.2952549686587407,15.193272356522714,21.033759307613163,-0.02205531166022706
食用菌,半对数,是,2023-05-12,0.35179957796087097,19.738418920650588,21.93190726690232,-0.030068713648265827
食用菌,半对数,是,2023-06-16,0.2594516895713881,13.46042778401778,17.691658960030114,-0.033266732874403265
食用菌,对数-对数,否,2022-10-14,0.5266668452997872,76.11291438715541,103.46192049898315,0.19066659491931562
食用菌,对数-对数,否,2022-11-18,0.7020619030900321,109.10844330479775,163.35434720520203,0.11436604525159924
食用菌,对数-对数,否,2022-12-23,0.25260447256146323,30.39669008309178,32.99382080083745,0.09777988509429153
食用菌,对数-对数,否,2023-01-27,0.1951865555980426,21.47562385002389,24.114803103276333,0.06932053997863483
食用菌,对数-对数,否,2023-03-03,0.24206399668621753,14.076436374155012,15.444485062045304,0.05713358636929623
食用菌,对数-对数,否,2023-04-07,0.2854866765891258,14.690614187734175,19.73372211177856,-0.005169983602512501
食用菌,对数-对数,否,2023-05-12,0.33921353770578794,19.032253960058647,21.2048961872094,-0.11055320189144052
食用菌,对数-对数,否,2023-06-16,0.25667254488734054,13.316244963768055,17.30909625324313,-0.16132604800191175
食用菌,对数-对数,是,2022-10-14,0.6482944948046687,93.69031641368038,117.57286184879102,-0.08183682040685702
食用菌,对数-对数,是,2022-11-18,0.6939988416998046,107.85535141548337,171.88924212206797,-0.10851370331411408
食用菌,对数-对数,是,2022-12-23,0.3831964724636363,46.11123586331996,47.5412708888647,-0.11459156025336692
食用菌,对数-对数,是,2023-01-27,0.27100366755173133,29.81748824085644,33.34909381601903,-0.0848543605255791
食用菌,对数-对数,是,2023-03-03,0.31675273819589733,18.41971473078548,20.705851364176254,-0.0763478237841399
食用菌,对数-对数,是,2023-04-07,0.3033547763269032,15.610073416626404,21.28015862865193,-0.08234708354501816
食用菌,对数-对数,是,2023-05-12,0.3577165169189627,20.070400614772243,22.233350702048654,-0.1602867445382714
食用菌,对数-对数,是,2023-06-16,0.25901729589096645,13.437891315765025,17.719769597165335,-0.18868288062369482
