口径,品类,模型,验证截止日,验证天数,绝对百分比误差加权,平均绝对误差,均方根误差,价格系数
全量有效,花叶类,对数需求（星期和月份）,2022-10-14,7,0.21322193816307639,71.40415863565048,136.14116046872434,-0.861755580412846
全量有效,花叶类,对数需求（星期和月份）,2022-11-18,7,0.6258145234393273,280.97757891926574,460.0235500562626,-0.8558003672802404
全量有效,花叶类,对数需求（星期和月份）,2022-12-23,7,0.34900214264553087,94.40717359847197,97.99772290265167,-0.8563643162237913
全量有效,花叶类,对数需求（星期和月份）,2023-01-27,7,0.24109737694108332,49.409222058456066,51.5001525650162,-0.8117034857712359
全量有效,花叶类,对数需求（星期和月份）,2023-03-03,7,0.18210597631657235,24.66094740362707,27.809072501357203,-0.8015846517260781
全量有效,花叶类,对数需求（星期和月份）,2023-04-07,7,0.2617355165810454,37.61490846677602,40.107734700088834,-0.8125021305948275
全量有效,花叶类,对数需求（星期和月份）,2023-05-12,7,0.1316015570519063,21.608204858803134,25.629174270675925,-0.8121533793886501
全量有效,花叶类,对数需求（星期和月份）,2023-06-16,7,0.18811305998223996,33.04367138353744,37.79021352568479,-0.8118582281402726
全量有效,花叶类,对数需求（星期、月份和趋势）,2022-10-14,7,0.296976423975585,99.45201638858843,163.10672967644297,-1.0337198534452559
全量有效,花叶类,对数需求（星期、月份和趋势）,2022-11-18,7,0.6731078321535947,302.2112813724888,480.75593070790893,-1.07645169348899
全量有效,花叶类,对数需求（星期、月份和趋势）,2022-12-23,7,0.4803524771748097,129.9382271906491,132.55448703552094,-1.0677399651878594
全量有效,花叶类,对数需求（星期、月份和趋势）,2023-01-27,7,0.36446605941192556,74.69174775242313,75.9335831835499,-0.9349587222587488
全量有效,花叶类,对数需求（星期、月份和趋势）,2023-03-03,7,0.06651773618655298,9.00788884958545,12.661811168415083,-0.9023441777325154
全量有效,花叶类,对数需求（星期、月份和趋势）,2023-04-07,7,0.15888369031609242,22.833719879406733,26.24620018914367,-0.90671423930445
全量有效,花叶类,对数需求（星期、月份和趋势）,2023-05-12,7,0.14087299826803498,23.130521202335775,31.10427811373085,-0.9042306453340271
全量有效,花叶类,对数需求（星期、月份和趋势）,2023-06-16,7,0.20323319758027145,35.699653153811084,45.42374916004758,-0.8876498415741867
全量有效,花菜类,对数需求（星期和月份）,2022-10-14,7,0.2576075682983106,13.754919308207109,23.170696720314382,-1.0580465671718045
全量有效,花菜类,对数需求（星期和月份）,2022-11-18,7,0.44850458889481876,31.954029796232,42.638180473290475,-1.0642970584544174
全量有效,花菜类,对数需求（星期和月份）,2022-12-23,7,0.15459946324692403,5.706575387370459,6.71196595640568,-1.0061300539828357
全量有效,花菜类,对数需求（星期和月份）,2023-01-27,7,0.17539232185514236,7.326437956441049,8.998231370938203,-0.9795883365842923
全量有效,花菜类,对数需求（星期和月份）,2023-03-03,7,0.2527340886440821,6.957119572715066,9.749411143923883,-0.972238706473239
全量有效,花菜类,对数需求（星期和月份）,2023-04-07,7,0.16173382273706363,3.595181145622187,4.251677609545411,-0.9377927195882401
全量有效,花菜类,对数需求（星期和月份）,2023-05-12,7,0.17482665609522746,5.126242234787674,5.676797792955883,-0.9122834032871963
全量有效,花菜类,对数需求（星期和月份）,2023-06-16,7,0.21378373472682982,3.666665915366923,5.145991051406053,-0.9111539208709317
全量有效,花菜类,对数需求（星期、月份和趋势）,2022-10-14,7,0.3568105327986938,19.051847425852998,27.33985110620397,-0.9878885831898748
全量有效,花菜类,对数需求（星期、月份和趋势）,2022-11-18,7,0.4470168472599926,31.848034580786212,46.125678596424265,-1.0279635847777628
全量有效,花菜类,对数需求（星期、月份和趋势）,2022-12-23,7,0.1342241481837327,4.954481757757942,5.618665567455717,-0.9959475883304706
全量有效,花菜类,对数需求（星期、月份和趋势）,2023-01-27,7,0.18903796326631067,7.896439790713684,10.163934073590116,-0.967550592711146
全量有效,花菜类,对数需求（星期、月份和趋势）,2023-03-03,7,0.24144762802710085,6.646432334256874,9.709917858611437,-0.9574603328466844
全量有效,花菜类,对数需求（星期、月份和趋势）,2023-04-07,7,0.14913621497960503,3.3151489227816398,4.411989236253905,-0.9249222840569157
全量有效,花菜类,对数需求（星期、月份和趋势）,2023-05-12,7,0.1938872058292202,5.685132951152133,6.531213208940548,-0.8966122766226873
全量有效,花菜类,对数需求（星期、月份和趋势）,2023-06-16,7,0.1925061633345089,3.301728209111115,4.739061233482169,-0.8892715591766072
全量有效,水生根茎类,对数需求（星期和月份）,2022-10-14,7,0.24893984841888583,16.20665982594375,22.192413462224692,-0.6688429971678604
全量有效,水生根茎类,对数需求（星期和月份）,2022-11-18,7,0.6272126512888844,61.42589180036224,100.87267141940382,-0.657022061876725
全量有效,水生根茎类,对数需求（星期和月份）,2022-12-23,7,0.25862574184833087,17.904992626970895,19.800787283566635,-0.6375044076958387
全量有效,水生根茎类,对数需求（星期和月份）,2023-01-27,7,0.5595196231118711,25.970902620484797,28.923138876740317,-0.6103696843562695
全量有效,水生根茎类,对数需求（星期和月份）,2023-03-03,7,0.3886231179667813,9.170339714662136,10.112021511259117,-0.5170777256014025
全量有效,水生根茎类,对数需求（星期和月份）,2023-04-07,7,0.383240780331843,7.486170654319317,8.665015718687457,-0.5186569452115402
全量有效,水生根茎类,对数需求（星期和月份）,2023-05-12,7,0.3187671688972498,3.8688315907389357,5.274674050936006,-0.5311523386385121
全量有效,水生根茎类,对数需求（星期和月份）,2023-06-16,7,0.40217370106803696,8.835813665850639,12.8540216879177,-0.5124357078215834
全量有效,水生根茎类,对数需求（星期、月份和趋势）,2022-10-14,7,0.24832791830763876,16.166821514748403,19.23501688342792,-0.5052128540325148
全量有效,水生根茎类,对数需求（星期、月份和趋势）,2022-11-18,7,0.577189611128312,56.52689965453378,95.64486657931707,-0.5173328428244841
全量有效,水生根茎类,对数需求（星期、月份和趋势）,2022-12-23,7,0.1837371676458822,12.720360349625683,15.897876547763651,-0.5143078061590243
全量有效,水生根茎类,对数需求（星期、月份和趋势）,2023-01-27,7,0.8355649088852816,38.78393891006589,41.72089452016187,-0.48221997408043504
全量有效,水生根茎类,对数需求（星期、月份和趋势）,2023-03-03,7,0.6342608519297578,14.966653322986492,15.791822367754875,-0.37985723304611646
全量有效,水生根茎类,对数需求（星期、月份和趋势）,2023-04-07,7,0.3126852115312253,6.107948252735023,7.025263131187128,-0.3963174765688169
全量有效,水生根茎类,对数需求（星期、月份和趋势）,2023-05-12,7,0.23994507399846715,2.912179085251682,4.0035631026343115,-0.39583229458658015
全量有效,水生根茎类,对数需求（星期、月份和趋势）,2023-06-16,7,0.31628675719465965,6.948865239389129,11.423265629065764,-0.3624869717114234
全量有效,茄类,对数需求（星期和月份）,2022-10-14,7,1.0318788411629778,12.341713174098285,13.77235182440244,-0.621314207104875
全量有效,茄类,对数需求（星期和月份）,2022-11-18,7,0.7344856507421735,13.675388331168529,19.920266406601765,-0.5341296529538437
全量有效,茄类,对数需求（星期和月份）,2022-12-23,7,0.459650833395405,3.5381951222635157,4.095601899347949,-0.38084900613436495
全量有效,茄类,对数需求（星期和月份）,2023-01-27,7,0.38082707771470203,6.391475249154089,7.4726986724087805,-0.27721537643074995
全量有效,茄类,对数需求（星期和月份）,2023-03-03,7,0.6681815299572396,7.4610104180068175,7.638430537650661,-0.30576420255743353
全量有效,茄类,对数需求（星期和月份）,2023-04-07,7,0.5739252981719952,8.122354798386697,8.521976130593224,-0.3122886864500145
全量有效,茄类,对数需求（星期和月份）,2023-05-12,7,0.4650575856886236,9.505112683495911,10.45931814191283,-0.31721450655857086
全量有效,茄类,对数需求（星期和月份）,2023-06-16,7,0.21843000609325713,7.094825027915085,8.66929184323581,-0.3180273417300497
全量有效,茄类,对数需求（星期、月份和趋势）,2022-10-14,7,0.7233872542588262,8.65202158404453,12.002641300654773,-0.2389002662234667
全量有效,茄类,对数需求（星期、月份和趋势）,2022-11-18,7,0.7761630349325453,14.451379547409061,21.89339704105141,-0.15622541466135562
全量有效,茄类,对数需求（星期、月份和趋势）,2022-12-23,7,0.3179572032255111,2.447498283057173,2.925703418485785,-0.09216790319184064
全量有效,茄类,对数需求（星期、月份和趋势）,2023-01-27,7,0.2078619982770343,3.488577611654649,5.492882004925371,-0.022388301248110642
全量有效,茄类,对数需求（星期、月份和趋势）,2023-03-03,7,0.18063122120830924,2.016954020472154,2.22757529045971,-0.018498126831085215
全量有效,茄类,对数需求（星期、月份和趋势）,2023-04-07,7,0.16587879022381505,2.3475640331874947,2.7911441173775917,-0.04230472276058221
全量有效,茄类,对数需求（星期、月份和趋势）,2023-05-12,7,0.25452870013967993,5.202203018426287,5.489235036484048,-0.09121299322763683
全量有效,茄类,对数需求（星期、月份和趋势）,2023-06-16,7,0.29827711293475345,9.688338905233726,13.311413146548874,-0.0748445621289351
全量有效,辣椒类,对数需求（星期和月份）,2022-10-14,7,0.5393508807584421,96.26465504990574,137.30325398819443,-0.4428736860260078
全量有效,辣椒类,对数需求（星期和月份）,2022-11-18,7,0.5572201224531103,109.48523655445013,164.69631292310459,-0.6055491450451224
全量有效,辣椒类,对数需求（星期和月份）,2022-12-23,7,0.19279090965600118,23.935597348080034,25.770885979698473,-0.6435206592912229
全量有效,辣椒类,对数需求（星期和月份）,2023-01-27,7,0.1606781146912178,27.991413004127672,32.14511662691996,-0.6569170607859602
全量有效,辣椒类,对数需求（星期和月份）,2023-03-03,7,0.07808129030192835,9.290546944455118,14.733991531047002,-0.6444041677971657
全量有效,辣椒类,对数需求（星期和月份）,2023-04-07,7,0.07017864678129819,6.867943037563028,9.356826604969138,-0.6623105361959368
全量有效,辣椒类,对数需求（星期和月份）,2023-05-12,7,0.2464930775434062,21.088257476367822,25.15140989739111,-0.6631270921248288
全量有效,辣椒类,对数需求（星期和月份）,2023-06-16,7,0.38832231580453985,41.98246863011004,48.92801278618909,-0.6569174183367339
全量有效,辣椒类,对数需求（星期、月份和趋势）,2022-10-14,7,0.5552956115069858,99.11050931682335,139.4375102666373,-0.487818924000292
全量有效,辣椒类,对数需求（星期、月份和趋势）,2022-11-18,7,0.5589515050205976,109.82542676354215,164.93527825050867,-0.6203995855724102
全量有效,辣椒类,对数需求（星期、月份和趋势）,2022-12-23,7,0.19303877744009149,23.966370912487882,25.799880738569858,-0.6581055958186356
全量有效,辣椒类,对数需求（星期、月份和趋势）,2023-01-27,7,0.1583628969518655,27.58808355219059,31.496315058599226,-0.6366784825401124
全量有效,辣椒类,对数需求（星期、月份和趋势）,2023-03-03,7,0.07623623188390762,9.071011614267823,14.173219509886927,-0.6294445545422858
全量有效,辣椒类,对数需求（星期、月份和趋势）,2023-04-07,7,0.06716408961133023,6.572927275983332,8.841148165148846,-0.6214028692140016
全量有效,辣椒类,对数需求（星期、月份和趋势）,2023-05-12,7,0.20386444987557711,17.441244403698086,21.131166705461286,-0.5886337800097443
全量有效,辣椒类,对数需求（星期、月份和趋势）,2023-06-16,7,0.3290625498343029,35.57575141449323,43.093375615832,-0.5374353799174533
全量有效,食用菌,对数需求（星期和月份）,2022-10-14,7,0.4879617567219581,81.97562328226206,102.18436492263358,-0.2760349922193099
全量有效,食用菌,对数需求（星期和月份）,2022-11-18,7,0.6619806502674531,106.11171549129976,158.65852074235983,-0.3754728381862139
全量有效,食用菌,对数需求（星期和月份）,2022-12-23,7,0.20331731215454213,25.93957122864018,27.800829290745718,-0.3753362711450949
全量有效,食用菌,对数需求（星期和月份）,2023-01-27,7,0.20426180873392275,24.726358831375595,27.996892671360865,-0.3961807470823722
全量有效,食用菌,对数需求（星期和月份）,2023-03-03,7,0.2821431205192317,20.081496296796242,23.180079829892673,-0.41889735538321515
全量有效,食用菌,对数需求（星期和月份）,2023-04-07,7,0.3128323630740475,23.461354662451594,29.050849947046974,-0.5025768811890228
全量有效,食用菌,对数需求（星期和月份）,2023-05-12,7,0.3238517889366596,22.105475409238515,24.676740143997897,-0.6143868089680329
全量有效,食用菌,对数需求（星期和月份）,2023-06-16,7,0.1826201166319381,11.587559463353557,15.943394515962929,-0.662684395655484
全量有效,食用菌,对数需求（星期、月份和趋势）,2022-10-14,7,0.5876063403271989,98.71551474960812,116.85395517060975,-0.6159674005312267
全量有效,食用菌,对数需求（星期、月份和趋势）,2022-11-18,7,0.6522677159943785,104.55478762980748,168.09012494913281,-0.6788497982191992
全量有效,食用菌,对数需求（星期、月份和趋势）,2022-12-23,7,0.3491791403442538,44.548873317931914,45.57216053412845,-0.6734509047984981
全量有效,食用菌,对数需求（星期、月份和趋势）,2023-01-27,7,0.27245475811918674,32.98127122406039,37.6740077995655,-0.6133736694769459
全量有效,食用菌,对数需求（星期、月份和趋势）,2023-03-03,7,0.37001160618988715,26.335523211764333,29.13536256958576,-0.6074994252783523
全量有效,食用菌,对数需求（星期、月份和趋势）,2023-04-07,7,0.34384499281474007,25.787195563987286,31.178561808764155,-0.6231349650369508
全量有效,食用菌,对数需求（星期、月份和趋势）,2023-05-12,7,0.34655404109415916,23.65508573700512,26.2129428986404,-0.7134127473462604
全量有效,食用菌,对数需求（星期、月份和趋势）,2023-06-16,7,0.18863477788657304,11.96920003080801,16.874121103648175,-0.7443736518298855
