分类,模型,变量,系数,经典标准误,经典p值,稳健标准误,稳健p值,稳健95%下限,稳健95%上限
花叶类,线性模型,截距,283.2042812794764,11.792325936561253,3.213996067912638e-102,27.43317244145674,7.042715429402126e-24,229.3751334667804,337.0334290921724
花叶类,线性模型,日平均售价,-22.015377193610973,1.618611577610869,5.7215088138769587e-39,3.442203264117917,2.386848045897655e-10,-28.76964043826358,-15.26111394895837
花叶类,线性模型,月份_02,-3.819217798072788,10.125545948388439,0.7061101929462275,26.55235346433436,0.8856561645836095,-55.92002977877813,48.28159418263256
花叶类,线性模型,月份_03,-27.769950353707273,9.874364114720317,0.0050086882950818225,24.377829168125924,0.2548974308780628,-75.6039284488058,20.064027741391257
花叶类,线性模型,月份_04,-40.1918053681144,9.851963484188413,4.8481006360016e-05,23.708008691107654,0.0903136080269085,-86.71146717178397,6.327856435555155
花叶类,线性模型,月份_05,-32.57881170272708,9.774478263520534,0.0008885250104096544,22.754147105730965,0.15250144104269436,-77.22681406264593,12.069190657191761
花叶类,线性模型,月份_06,-41.73269458184032,9.835485129411298,2.396509293948412e-05,22.86120972660387,0.06820821864497112,-86.59077434554762,3.1253851818669744
花叶类,线性模型,月份_07,20.611442355589492,10.014837029772165,0.039824116288922656,25.280153569286593,0.4150706629354657,-28.99306933961427,70.21595405079326
花叶类,线性模型,月份_08,84.73213329640605,9.969154852556649,6.34992837284094e-17,23.90599339600738,0.00041058597919756313,37.823987515265664,131.64027907754644
花叶类,线性模型,月份_09,38.99943796261218,10.35298797243075,0.0001742793913027758,25.484303709982445,0.12623132488340366,-11.00565547802956,89.0045314032539
花叶类,线性模型,月份_10,35.56744640432724,10.11442786746077,0.0004556647041547008,26.308958634183185,0.17668962945988595,-16.05577822052222,87.19067102917671
花叶类,线性模型,月份_11,-22.78656084376177,9.917648441492693,0.02177888146138225,30.517052860926807,0.45541965275988067,-82.66687373007761,37.093752042554065
花叶类,线性模型,月份_12,-32.071927012531766,10.01337001674136,0.0014007529578253398,25.850191763777303,0.21499537938899646,-82.79496301605622,18.65110899099269
花叶类,线性模型,星期_2,-7.543786585023778,7.5007684254006195,0.3147712154549534,4.805317783247081,0.11673909836270871,-16.972742051016112,1.885168880968557
花叶类,线性模型,星期_3,-3.8186840571145595,7.516750592567136,0.6115421408804571,5.100028426597566,0.45416861111374673,-13.82591835019998,6.188550235970862
花叶类,线性模型,星期_4,-7.862177143599605,7.517497674837534,0.295867243688026,5.18815682658556,0.12996542766082483,-18.042336266271313,2.317981979072104
花叶类,线性模型,星期_5,6.741473134739238,7.5301185249419795,0.37084601721834115,6.254504959902825,0.28134062375240854,-5.531065621043522,19.014011890522
花叶类,线性模型,星期_6,65.3651185891192,7.53093070734271,1.4657244421917654e-17,6.70176887349548,1.3806581593332147e-21,52.21496222030089,78.51527495793752
花叶类,线性模型,星期_7,52.38733249071044,7.502366890911088,5.083257351135257e-12,6.0696842312630155,2.182027362283195e-17,40.47744746526213,64.29721751615875
花叶类,对数模型,截距,6.323817291384153,0.08917961649882321,0.0,0.24658004148069998,2.259384123687815e-113,5.839979939767211,6.807654643001095
花叶类,对数模型,日平均售价,-0.7950517001280198,0.04809321894967373,7.980000916806837e-55,0.12145136449219722,9.151280613460195e-11,-1.0333625796026995,-0.5567408206533401
花叶类,对数模型,月份_02,0.0052564933056189304,0.05360206197949336,0.9218990098206515,0.16518646942223292,0.9746202993329768,-0.31887105330468457,0.32938403991592247
花叶类,对数模型,月份_03,-0.14177789006559946,0.052297224585798704,0.006815801576186069,0.15460399176482406,0.3593296220868729,-0.4451405850984612,0.16158480496726232
花叶类,对数模型,月份_04,-0.1969710355012422,0.05212305898424065,0.00016620665321828373,0.1494313138620711,0.18774074976867877,-0.4901839440298651,0.09624187302738071
花叶类,对数模型,月份_05,-0.1470113022727119,0.05172331665106191,0.004564870968743046,0.14424434170163603,0.3083476004526139,-0.4300463762209471,0.1360237716755233
花叶类,对数模型,月份_06,-0.19284941906854983,0.05201402998107871,0.0002199677986275033,0.144577057348265,0.18252588764636407,-0.47653734495216393,0.09083850681506425
花叶类,对数模型,月份_07,0.20760380836169467,0.052959329815682805,9.417547542926009e-05,0.15223673686274436,0.1729528541951618,-0.09111387835846424,0.5063214950818535
花叶类,对数模型,月份_08,0.495795875885685,0.05251492363713296,2.2448389882194802e-20,0.14424141944795557,0.0006103027642777912,0.2127665359598509,0.7788252158115192
花叶类,对数模型,月份_09,0.2683969997809866,0.05442901594928801,9.476340133125702e-07,0.1512896254311342,0.07633848640999423,-0.028462272592233995,0.5652562721542072
花叶类,对数模型,月份_10,0.16830748224389286,0.05299392113395371,0.001536182956037999,0.15825128506883518,0.2877753860079298,-0.14221190204161904,0.47882686652940476
花叶类,对数模型,月份_11,-0.3993126102335879,0.05252834552382773,6.382108996755889e-14,0.17970054437032407,0.026485830700737917,-0.751919556643992,-0.04670566382318381
花叶类,对数模型,月份_12,-0.28765981304760696,0.053639085366346886,1.0041162071743207e-07,0.16526632970349375,0.08204519091289683,-0.6119440608521864,0.03662443475697247
花叶类,对数模型,星期_2,-0.03653620508849931,0.03965460025839099,0.35707040991127753,0.022855788690655236,0.11021614782494034,-0.08138364773956497,0.00831123756256636
花叶类,对数模型,星期_3,-0.016847278319376748,0.03973921183982056,0.6716907567034689,0.025908869095171084,0.5156699558170952,-0.0676854505052582,0.0339908938665047
花叶类,对数模型,星期_4,-0.05026854517811984,0.03974318744853473,0.206207182959392,0.027873719204360794,0.07160159707841734,-0.1049621302654101,0.004425039909170411
花叶类,对数模型,星期_5,0.04100504353758071,0.0398098152595949,0.30323263651900684,0.02998219045027448,0.1717109521806123,-0.01782576667732881,0.09983585375249023
花叶类,对数模型,星期_6,0.37255820039352877,0.039811830851794905,4.6536989179086517e-20,0.02789169106143686,9.658182942227493e-38,0.31782935107447385,0.4272870497125837
花叶类,对数模型,星期_7,0.3251177333707839,0.03966150733064598,7.002246113935509e-16,0.028949131013344516,9.702991922689536e-28,0.2683139839797173,0.38192148276185056
花菜类,线性模型,截距,74.26184996464434,3.4928861511927893,7.035784973534426e-84,6.075040609792325,3.004127534602702e-32,62.341429227622314,86.18227070166637
花菜类,线性模型,日平均售价,-3.5126953143224044,0.2552807101812099,9.049033144460139e-40,0.3779946256733853,8.227022881358352e-20,-4.254394878782424,-2.7709957498623843
花菜类,线性模型,月份_02,-7.112081721370666,2.929237858435078,0.015348876391202734,6.6755025998514075,0.2869365737830446,-20.210726608294884,5.98656316555355
花菜类,线性模型,月份_03,-19.5155749258159,2.8331069319081537,9.637959132991262e-12,5.631052417729544,0.0005499380109363355,-30.564803782552048,-8.466346069079757
花菜类,线性模型,月份_04,-17.543285013431344,2.847571912656912,1.0251061609350632e-09,5.219261240563998,0.0008034616905573387,-27.7844988455939,-7.302071181268786
花菜类,线性模型,月份_05,-20.99117332816499,2.8461395259588924,3.2922125130777487e-13,5.213928507490817,6.076198593478681e-05,-31.221923292512724,-10.760423363817257
花菜类,线性模型,月份_06,-14.606176217344927,2.852348019297089,3.61047186604289e-07,5.324227382487522,0.006183920008952988,-25.053354199418436,-4.1589982352714205
花菜类,线性模型,月份_07,-1.1090964469810949,2.825401870662222,0.694734434868559,5.449838950171414,0.8387753838768754,-11.802748952009289,9.584556058047099
花菜类,线性模型,月份_08,3.1794411779725844,2.8245787779980076,0.2605744150304268,8.934320063916068,0.7220097498464424,-14.351446432791523,20.710328788736692
花菜类,线性模型,月份_09,-2.2363503181506337,2.8686255917943795,0.435805920841336,6.36846872886892,0.7255379738046484,-14.732534553745488,10.259833917444222
花菜类,线性模型,月份_10,0.932947241238242,2.864214983197186,0.7446962576482075,5.7895259458562744,0.8720105945706744,-10.427237747693288,12.293132230169773
花菜类,线性模型,月份_11,-6.231522997307409,2.8944660964532662,0.03155006370151432,6.312224831194287,0.32376169090250095,-18.61734567859579,6.154299683980972
花菜类,线性模型,月份_12,-15.682345312708701,2.884847173062372,6.751708465610904e-08,5.057439804890858,0.001980447230447406,-25.606033761685595,-5.758656863731806
花菜类,线性模型,星期_2,-0.6501741006206272,2.179297484538832,0.7655010568383367,1.328720743153324,0.6247136406241276,-3.2573847050840037,1.9570365038427493
花菜类,线性模型,星期_3,0.07965224907463364,2.180641432711605,0.9708690165816432,1.6046490399772142,0.960419842809139,-3.068983771720752,3.2282882698700193
花菜类,线性模型,星期_4,-0.8575617745029543,2.1808150918505596,0.6942284384764543,1.68902606492391,0.6117510200730119,-4.171762061038648,2.456638512032739
花菜类,线性模型,星期_5,3.740496465906129,2.184581756831677,0.08714650898558579,1.9301242674646772,0.052892855301225464,-0.046785763257755075,7.527778695070014
花菜类,线性模型,星期_6,14.198226282427054,2.1838506637783595,1.220671870934969e-10,1.8310456245760827,2.072347383738562e-14,10.605355775776014,17.791096789078093
花菜类,线性模型,星期_7,13.48427935299816,2.1761610945207313,8.24750289932408e-10,1.8882570692090657,1.712899805619967e-12,9.779148775212992,17.189409930783327
花菜类,对数模型,截距,5.931130634552286,0.200144762331676,3.330080305449857e-141,0.30993756193334526,2.206841398726479e-70,5.322972372285361,6.539288896819211
花菜类,对数模型,日平均售价,-1.0673360170463393,0.08090815503021635,6.492458988991072e-37,0.11864722875217151,1.051735759738021e-18,-1.300145141602287,-0.8345268924903916
花菜类,对数模型,月份_02,-0.18637489682403174,0.0996438840580375,0.06170130816167612,0.1468865821936473,0.2047772780427543,-0.4745951693846954,0.10184537573663194
花菜类,对数模型,月份_03,-0.7509048395261807,0.09645463611194727,1.6452531825665776e-14,0.2314145915772623,0.001211740936302009,-1.2049856388941018,-0.29682404015825964
花菜类,对数模型,月份_04,-0.658401022583912,0.09700243576531374,1.8923141149883842e-11,0.1526259569072906,1.7538135705754197e-05,-0.9578830735833526,-0.35891897158447134
花菜类,对数模型,月份_05,-0.6424486687623245,0.09700104255321315,5.571786305851627e-11,0.16645089753443587,0.00012036686300140205,-0.9690579637631109,-0.31583937376153814
花菜类,对数模型,月份_06,-0.42733629429309283,0.09707220990519037,1.1793366981870423e-05,0.13702760138464676,0.0018658586437323456,-0.6962113135739549,-0.15846127501223067
花菜类,对数模型,月份_07,0.03294245447592402,0.09618670263788656,0.7320539516508406,0.14613631823435055,0.8216936839478457,-0.25380565310131137,0.31969056205315943
花菜类,对数模型,月份_08,-0.22189870333347592,0.0961700391948941,0.021226110417874724,0.2951080800120049,0.4522633543018895,-0.8009586146314378,0.3571612079644859
花菜类,对数模型,月份_09,-0.13634071699525455,0.0976885759607801,0.16310598571893226,0.22559984348260356,0.5457414270706076,-0.5790118405732884,0.3063304065827792
花菜类,对数模型,月份_10,-0.016402029160525848,0.09722036871337786,0.866056973638504,0.14647095885357414,0.9108592426441982,-0.30380676724166483,0.2710027089206131
花菜类,对数模型,月份_11,-0.49101959182856664,0.09936055002637001,8.986062050163408e-07,0.17883673316159468,0.006141258242913258,-0.8419323246726068,-0.14010685898452646
花菜类,对数模型,月份_12,-0.45251707872520325,0.09854066109669296,4.90988948923482e-06,0.13115039128653447,0.000581785779460696,-0.7098598595192238,-0.19517429793118274
花菜类,对数模型,星期_2,0.032574687750337894,0.07420802782355118,0.6607764034268505,0.047613061138470344,0.49402661884085897,-0.06085147312721417,0.12600084862788996
花菜类,对数模型,星期_3,0.0028166289222559364,0.07425313739557977,0.96974838212446,0.0585322605902568,0.9616288678404934,-0.1120351420766422,0.11766839992115408
花菜类,对数模型,星期_4,-0.0032732058998874367,0.07425761153999823,0.9648496529388376,0.05804290497314482,0.9550394257891692,-0.11716476523590433,0.11061835343612944
花菜类,对数模型,星期_5,0.1452043027494839,0.07438635804981601,0.05119682242489517,0.05855862143827196,0.01330544337792309,0.03030080659852359,0.2601077989004442
花菜类,对数模型,星期_6,0.4520126341557592,0.07436334520954815,1.6887654934699099e-09,0.05596331064001757,1.787993697584273e-15,0.34220164662254565,0.5618236216889728
花菜类,对数模型,星期_7,0.3909402460032937,0.07409840613485182,1.5996402718901546e-07,0.06086035201028308,2.0035285006364732e-10,0.2715203031972423,0.5103601888093451
水生根茎类,线性模型,截距,70.54485821158076,4.236157003565807,1.5971116065024195e-55,8.105789964453558,1.2085655385007627e-17,54.63974307892974,86.44997334423178
水生根茎类,线性模型,日平均售价,-1.2224924266371588,0.32772653172814015,0.0002013929229248586,0.7253217716525292,0.09219475677207545,-2.6457129069286927,0.20072805365437496
水生根茎类,线性模型,月份_02,-16.475816280260588,3.892794098684266,2.5113071373716065e-05,10.40471254979735,0.11360516405181012,-36.89185860955649,3.940226049035317
水生根茎类,线性模型,月份_03,-37.25892070099368,3.7696374235646535,4.211359470485989e-22,6.939411634157019,9.705659799979564e-08,-50.87537776170484,-23.642463640282514
水生根茎类,线性模型,月份_04,-47.8905944409194,3.8473310707348065,2.6228693695820653e-33,7.314470123095834,9.085493129009647e-11,-62.242988217756924,-33.53820066408188
水生根茎类,线性模型,月份_05,-50.43699033553952,4.017698130894004,8.201802468286236e-34,7.916604613252423,2.787923895225882e-10,-65.97088751096976,-34.90309316010927
水生根茎类,线性模型,月份_06,-42.10222181718965,4.708639946526378,1.6601094413692861e-18,9.911986841401477,2.349344473635684e-05,-61.55144176949078,-22.653001864888523
水生根茎类,线性模型,月份_07,-33.11691746399659,4.048788195206178,8.050348954512056e-16,11.031352526080578,0.0027439630279885783,-54.7625476574259,-11.471287270567284
水生根茎类,线性模型,月份_08,-20.42543252960354,3.7804822747164937,8.087753353718056e-08,10.37784011253096,0.04930645248150509,-40.788745981086024,-0.06211907812105366
水生根茎类,线性模型,月份_09,-24.957986485015432,3.794611971198947,7.495354252424014e-11,8.07691061649093,0.002053162186395339,-40.80643479600985,-9.10953817402101
水生根茎类,线性模型,月份_10,-25.857292723109463,3.7675229112592765,1.1404002140188939e-11,9.005241578446276,0.0041679879008831395,-43.52730449625311,-8.187280949965817
水生根茎类,线性模型,月份_11,-34.536378016050335,3.8300306484954088,8.75165573259149e-19,9.012440882519806,0.00013449218109079348,-52.22051620508517,-16.852239827015502
水生根茎类,线性模型,月份_12,-15.08983800611012,3.8130919327554915,8.079410209399085e-05,7.3694045693052095,0.0408406063658171,-29.550023706441856,-0.629652305778384
水生根茎类,线性模型,星期_2,-0.2650533436659536,2.894265724110411,0.9270499120033743,2.038887927803096,0.8965917621098118,-4.265742650505974,3.735635963174067
水生根茎类,线性模型,星期_3,-0.6947732728435435,2.9009700352942542,0.8107663555054394,2.2020170556038434,0.7524310899433612,-5.015553227299393,3.626006681612306
水生根茎类,线性模型,星期_4,-1.370776799270831,2.900631691043419,0.6366105055263712,2.171101198475878,0.5279313833543646,-5.630893910351609,2.8893403118099465
水生根茎类,线性模型,星期_5,4.510943584762388,2.90560770832887,0.12084047125036103,2.556669659764669,0.07795393370003309,-0.5057328246977342,9.52761999422251
水生根茎类,线性模型,星期_6,16.995142173709166,2.9044794232983753,6.482322548063806e-09,2.488726268813902,1.435180987247794e-11,12.111783733295077,21.878500614123254
水生根茎类,线性模型,星期_7,13.830554030959426,2.8942779214280283,2.012402950398274e-06,2.490813984457011,3.551778762670871e-08,8.943099091892709,18.718008970026144
水生根茎类,对数模型,截距,5.183013581481393,0.2310124385246896,1.2760433245870225e-91,0.43359316289165706,5.385544695238321e-31,4.332220604268219,6.033806558694566
水生根茎类,对数模型,日平均售价,-0.6155981729215585,0.10190354482664364,2.1136462421169734e-09,0.20177428781529635,0.00233779184137142,-1.0115180391634047,-0.21967830667971233
水生根茎类,对数模型,月份_02,-0.351897178343516,0.10738350410434926,0.0010829539673297948,0.17626747428357528,0.04614637121140635,-0.6977677825556085,-0.006026574131423601
水生根茎类,对数模型,月份_03,-0.8147130800573066,0.1040703669744654,1.1859761329748803e-14,0.11507782294040575,2.617410874580523e-12,-1.0405178481438888,-0.5889083119707244
水生根茎类,对数模型,月份_04,-1.4545774248827705,0.10702285930003096,6.437227943576679e-39,0.18317516094622957,5.065745178774715e-15,-1.8140022356745544,-1.0951526140909866
水生根茎类,对数模型,月份_05,-1.7402695271899085,0.11171704097211539,1.898428246738825e-49,0.18383124091863157,1.7908728083201897e-20,-2.1009816927667337,-1.379557361613083
水生根茎类,对数模型,月份_06,-1.2153239663592978,0.12680567023544667,6.3151313233979835e-21,0.18601171191387192,9.927639534233773e-11,-1.5803146343861978,-0.8503332983323979
水生根茎类,对数模型,月份_07,-0.9890272766360674,0.11217113593196973,4.700768188978624e-18,0.2698008816540488,0.0002587532327769692,-1.518428371953948,-0.4596261813181868
水生根茎类,对数模型,月份_08,-0.5714298793814806,0.1044305109527051,5.549314644918706e-08,0.22277057853293977,0.010450376602242462,-1.0085484964776172,-0.1343112622853439
水生根茎类,对数模型,月份_09,-0.545681637419307,0.104647410604062,2.2133285320664712e-07,0.1445611929747133,0.00016900520504529095,-0.8293384343581848,-0.2620248404804292
水生根茎类,对数模型,月份_10,-0.7868001423272262,0.10393660196442664,8.05731798559534e-14,0.2629343775668759,0.00283182823112341,-1.3027278391800299,-0.27087244547442246
水生根茎类,对数模型,月份_11,-1.1024819296543693,0.1056470544229571,2.424635375579542e-24,0.2193107711332123,5.839705837600578e-07,-1.532811740814159,-0.6721521184945796
水生根茎类,对数模型,月份_12,-0.331593649025319,0.10560384064329288,0.0017360873130038976,0.13956726800374478,0.017683599544987806,-0.6054514070086605,-0.05773589104197746
水生根茎类,对数模型,星期_2,-0.005232985796230085,0.07981691852083227,0.9477385474206321,0.050211019837076765,0.9170144729202846,-0.10375664048487801,0.09329066889241783
水生根茎类,对数模型,星期_3,-0.04132343644520275,0.07998508708137994,0.6055151622679642,0.05942874928071478,0.486991162887105,-0.15793404486761586,0.07528717197721038
水生根茎类,对数模型,星期_4,-0.015762096327065985,0.07999679791161818,0.843838420005703,0.059862445741405125,0.7923661969146311,-0.1332237004167926,0.10169950776266064
水生根茎类,对数模型,星期_5,0.19135036740440198,0.08013449531057622,0.017119911324398714,0.06129706079627785,0.001846570112972107,0.07107377332371234,0.3116269614850916
水生根茎类,对数模型,星期_6,0.538685047802052,0.08010543171849277,2.8635851335816064e-11,0.06338162788042637,6.368267152471044e-17,0.4143181331455131,0.6630519624585909
水生根茎类,对数模型,星期_7,0.45469409308534625,0.07982507346846211,1.584387200657756e-08,0.05201543984866441,8.798337706071447e-18,0.3526298201278044,0.5567583660428881
茄类,线性模型,截距,23.751312403246942,2.355041511523774,7.085662451880156e-23,4.107840580219965,9.780400739805285e-09,15.690629991544958,31.811994814948925
茄类,线性模型,日平均售价,-0.505693082301399,0.17226620951060986,0.0034036467158814355,0.4342845298691391,0.24451996058071562,-1.3578755375910794,0.3464893729882814
茄类,线性模型,月份_02,2.9951225368987013,1.6245009287624181,0.0655109905487929,4.860389611143447,0.5378781286432568,-6.5422624437193,12.532507517516704
茄类,线性模型,月份_03,-2.7835387245396,1.5720361430580803,0.07691299398248122,3.4609544474353413,0.42142698516144167,-9.574857447198006,4.0077799981188065
茄类,线性模型,月份_04,-0.6776564582388378,1.6207658563134568,0.6759546433405127,3.1000169116108007,0.8270067340522851,-6.760719154421129,5.4054062379434535
茄类,线性模型,月份_05,3.0362110097043424,1.6811475398446583,0.07120443814700389,3.109080474655103,0.3290149315384588,-3.064636822437302,9.137058841845986
茄类,线性模型,月份_06,6.4692785437073255,1.7868830230913253,0.0003084191319001735,3.080524652692521,0.035966291612494636,0.42446487534356336,12.514092212071088
茄类,线性模型,月份_07,7.888286609732136,1.7512358088748718,7.41555862875335e-06,3.9658455449659082,0.04695902778803994,0.10623645282911554,15.670336766635156
茄类,线性模型,月份_08,7.119061008549796,1.6598257592202459,1.9630019148414686e-05,3.6709307462008587,0.05273652886257946,-0.08428739863031431,14.322409415729906
茄类,线性模型,月份_09,-1.866612522189242,1.751718692631105,0.2868588601931262,3.235454792583474,0.5641165306030483,-8.215440581879422,4.482215537500938
茄类,线性模型,月份_10,-3.4913690499054444,1.688913000732055,0.03896175133786115,3.776144583463382,0.35539783275478354,-10.90117515935702,3.918437059546131
茄类,线性模型,月份_11,-10.60609316744415,1.6891955929096503,5.020244857149447e-10,2.950775817934011,0.00034059738019151953,-16.396304903271197,-4.815881431617105
茄类,线性模型,月份_12,-11.467297527150894,1.6249938512048192,3.1227372912743954e-12,3.0962168042594023,0.00022379324610037333,-17.542903395860986,-5.391691658440801
茄类,线性模型,星期_2,-1.368863541432199,1.2272149360515827,0.264929194568381,0.6778914966666941,0.04371485419282406,-2.6990680509584566,-0.03865903190594144
茄类,线性模型,星期_3,-0.9479233315687279,1.2323366375209237,0.4419459575055678,0.8242280819127792,0.25038006244002464,-2.565279378708571,0.6694327155711153
茄类,线性模型,星期_4,-0.98792708644206,1.2307520789408886,0.42233202458668095,0.8289969615041944,0.23364774606831198,-2.6146409514171776,0.6387867785330574
茄类,线性模型,星期_5,1.4692829138560293,1.2324418095659804,0.23346804045227662,1.0604547000568265,0.1661926762562233,-0.6116129685973841,3.5501787963094427
茄类,线性模型,星期_6,6.774877247671448,1.2298362714662099,4.563285713739173e-08,0.9494307734053249,1.8124663071070202e-12,4.9118400175589025,8.637914477783994
茄类,线性模型,星期_7,6.8702763857574585,1.2255360738174723,2.6584286047448953e-08,1.0517788890520987,1.0171255744650691e-10,4.806404766005427,8.93414800550949
茄类,对数模型,截距,3.677567376992048,0.19028583824178655,2.9282863688276213e-71,0.3900287852007074,2.6451820428326145e-20,2.9122265348806717,4.442908219103424
茄类,对数模型,日平均售价,-0.40295482810509353,0.07473553177669338,8.65027277580531e-08,0.16500334691621385,0.014769207248277532,-0.7267355470463007,-0.07917410916388634
茄类,对数模型,月份_02,0.179278150887985,0.07868827435579173,0.022910586737511333,0.19537053706042465,0.3590264491447622,-0.20409112089699943,0.5626474226729694
茄类,对数模型,月份_03,-0.010659997740856174,0.07615885941165172,0.8887105944791974,0.15716356039717308,0.9459361727665143,-0.31905695772855835,0.297736962246846
茄类,对数模型,月份_04,0.06892098817236886,0.07819718880481713,0.37832071442298015,0.15229472507531958,0.650967967705665,-0.22992201409036328,0.367763990435101
茄类,对数模型,月份_05,0.1922466870153613,0.08118656744595239,0.01807010376514563,0.15910182288272687,0.22719940199875222,-0.11995366261744939,0.5044470366481719
茄类,对数模型,月份_06,0.2815301232599147,0.0876190913023566,0.0013537389328983104,0.1614736151499736,0.08154344287167443,-0.035324317455413756,0.5983845639752432
茄类,对数模型,月份_07,0.30442319298080517,0.08520288385891069,0.00036934353943982094,0.18417834608082084,0.09866141249308658,-0.05698400524852265,0.665830391210133
茄类,对数模型,月份_08,0.32989501457662984,0.07982615401702033,3.876684841104207e-05,0.17150199021610663,0.054684390685225445,-0.006637781453354141,0.6664278106066138
茄类,对数模型,月份_09,-0.05247984884599224,0.0842774579860186,0.5336172347667013,0.18868211512991015,0.7809614516698461,-0.42272464708715346,0.317764949395169
茄类,对数模型,月份_10,-0.24771731443890144,0.08171296375646696,0.00249375301782772,0.20555047206810048,0.22842538740391838,-0.6510623426988968,0.15562771382109397
茄类,对数模型,月份_11,-0.7880267834868735,0.08219536737591093,6.5324667720415986e-21,0.16954488215709465,3.7877558761830345e-06,-1.120719209813846,-0.455334357159901
茄类,对数模型,月份_12,-0.7902485648710607,0.07825710746293678,6.292600489968868e-23,0.18092235869348497,1.3812006950020458e-05,-1.1452666445955957,-0.43523048514652557
茄类,对数模型,星期_2,-0.07922257609349888,0.059453363810780764,0.1829850160437947,0.038638446555606464,0.040582130448730436,-0.1550415472741153,-0.0034036049128824547
茄类,对数模型,星期_3,-0.06699484249642582,0.05969872026394655,0.2620320082280261,0.04610501826779534,0.14650244518111627,-0.15746522531311152,0.023475540320259905
茄类,对数模型,星期_4,-0.058049240955268026,0.05962139502903741,0.3304681410661196,0.042415810975245834,0.17143012635621085,-0.14128041189032223,0.025181929979786168
茄类,对数模型,星期_5,0.06428272214708522,0.05970782574921403,0.2819013013578334,0.049648747694845716,0.1956963263895745,-0.033141406051541825,0.16170685034571225
茄类,对数模型,星期_6,0.32324518212041986,0.059585554060768306,7.22582776388408e-08,0.047150806815297874,1.2213306206341465e-11,0.2307226823370232,0.4157676819038165
茄类,对数模型,星期_7,0.28999532187964683,0.059377178230878125,1.2046117858162907e-06,0.05758737717894176,5.616026311046583e-07,0.17699347838125876,0.40299716537803487
辣椒类,线性模型,截距,150.49342794525063,7.646252315425451,8.324672185583201e-74,22.633143903536784,4.695823504622277e-11,106.08285708439082,194.90399880611045
辣椒类,线性模型,日平均售价,-4.133429960109801,0.40468608473116185,1.978217998263976e-23,1.226894824643978,0.0007813635853617923,-6.5408330049938606,-1.7260269152257415
辣椒类,线性模型,月份_02,-0.6034977818264611,6.8123747031466655,0.9294256193260325,24.80446934844407,0.980593775021135,-49.27462576829065,48.06763020463772
辣椒类,线性模型,月份_03,-33.83671229626856,6.722080266841093,5.645567665714651e-07,17.828817719085215,0.05798364950429232,-68.82027339822653,1.146848805689423
辣椒类,线性模型,月份_04,-51.9052228932716,6.82988398971316,6.482431322873591e-14,17.91436343355786,0.0038395666528305552,-87.0566411003062,-16.753804686236997
辣椒类,线性模型,月份_05,-62.14216542103679,6.952285519857374,1.7040460789249439e-18,18.830091885934756,0.0009983265229763197,-99.09041854843943,-25.193912293634163
辣椒类,线性模型,月份_06,-71.61119105477731,7.187715077252665,2.0392555273067855e-22,19.763226611791303,0.0003043994470628417,-110.39043355078044,-32.83194855877417
辣椒类,线性模型,月份_07,-61.49526880200585,6.748615705618092,3.896428237235839e-19,17.94406423500506,0.0006334567378145758,-96.70496568004246,-26.285571923969243
辣椒类,线性模型,月份_08,-34.52229121601218,6.973559697312758,8.60155366236614e-07,20.355147059282825,0.09017821751081868,-74.46299519917557,5.418412767151217
辣椒类,线性模型,月份_09,-54.911592134299255,6.840250859316722,2.6079916410397338e-15,18.26585045024097,0.0027069149088431686,-90.75269530633946,-19.070488962259056
辣椒类,线性模型,月份_10,-47.491675348955376,6.81441336452446,5.571333017065017e-12,19.50767859936398,0.015075164283434722,-85.76948361369901,-9.213867084211735
辣椒类,线性模型,月份_11,-56.612703403454205,6.86928579643844,4.954802193597289e-16,20.070208463922615,0.004880286966813005,-95.99430319260145,-17.23110361430696
辣椒类,线性模型,月份_12,-54.64122686113798,6.73969253238588,1.4103973346650616e-15,18.189087538404703,0.0027261934622005474,-90.33170647199198,-18.95074725028398
辣椒类,线性模型,星期_2,-1.7759053758484245,5.060386596838902,0.7257007322878791,2.5573313000586744,0.48755953589796447,-6.793880050511408,3.2420692988145596
辣椒类,线性模型,星期_3,-0.5447005446742036,5.072580536317212,0.9145066554746031,2.9887381546202,0.855420395005837,-6.409178240129246,5.31977715078084
辣椒类,线性模型,星期_4,-0.3739557000382299,5.0721126499175035,0.9412408106219994,3.6480173077900337,0.9183717108970137,-7.532065587014012,6.784154186937553
辣椒类,线性模型,星期_5,11.778034243872304,5.079931482383325,0.02060832772586238,5.250605679561412,0.025090225067619033,1.4753384898742645,22.080729997870343
辣椒类,线性模型,星期_6,32.53026243663938,5.078310292153355,2.240905244865894e-10,3.8571290245767207,1.07632783819514e-16,24.96183523997955,40.098689633299216
辣椒类,线性模型,星期_7,27.288174868357274,5.06037092645661,8.554245947081659e-08,3.813820524142304,1.5528837311479731e-12,19.804727258961925,34.77162247775262
辣椒类,对数模型,截距,5.903862018794717,0.09777158105653035,0.0,0.22762557839363032,2.220965794627592e-115,5.457216960464361,6.350507077125073
辣椒类,对数模型,日平均售价,-0.6346499616294873,0.034532283571898394,9.60005871528e-66,0.0816290078035786,1.7735619056116698e-14,-0.7948217367400592,-0.4744781865189154
辣椒类,对数模型,月份_02,0.0775473462355272,0.06141514759297933,0.2069822875551971,0.18223315225147255,0.6705295599480655,-0.28002906275806405,0.4351237552291184
辣椒类,对数模型,月份_03,-0.20677240845073622,0.06000751967966379,0.0005916090144979169,0.13209227334381807,0.11779451756521633,-0.4659627927168387,0.05241797581536631
辣椒类,对数模型,月份_04,-0.4531284787955125,0.06078869681010234,1.8675227250816484e-13,0.13068015374029632,0.0005463585800287783,-0.7095480134623062,-0.1967089441287187
辣椒类,对数模型,月份_05,-0.6139420348730402,0.061598974737719546,1.9698900279266856e-22,0.14906282683422295,4.1052789762534286e-05,-0.9064319011530342,-0.3214521685930463
辣椒类,对数模型,月份_06,-0.8111780178157859,0.06417661196734926,3.1731780846078744e-34,0.15850217402291342,3.66547788261657e-07,-1.1221896943661633,-0.5001663412654085
辣椒类,对数模型,月份_07,-0.5561624362027945,0.06006344611399133,1.0960320177471076e-19,0.14004344556981008,7.626076112739722e-05,-0.8309545459328587,-0.2813703264727303
辣椒类,对数模型,月份_08,-0.3501953205788355,0.06213284594413966,2.2240860663584112e-08,0.154087569738607,0.023242472362686832,-0.6525446965126287,-0.047845944645042326
辣椒类,对数模型,月份_09,-0.5180269994940775,0.060805344067760635,5.4028286489494104e-17,0.13929243398207142,0.00021044081417347308,-0.7913454803956967,-0.24470851859245824
辣椒类,对数模型,月份_10,-0.4733928175488494,0.06059786845456565,1.3419457133189834e-14,0.1529811781484314,0.002023152788545069,-0.7735712409042129,-0.17321439419348583
辣椒类,对数模型,月份_11,-0.7818116394267547,0.06150923402505637,1.4494661327959033e-34,0.17697776325953923,1.0999995630703007e-05,-1.129075966889721,-0.4345473119637884
辣椒类,对数模型,月份_12,-0.6503786667090294,0.060843348651763655,2.094773771798789e-25,0.14275741058774635,5.820017294981251e-06,-0.9304960965208574,-0.3702612368972015
辣椒类,对数模型,星期_2,-0.02560350875125608,0.04570878049509594,0.5754987672059158,0.026446955399935947,0.33321003085865003,-0.07749750950734707,0.02629049200483492
辣椒类,对数模型,星期_3,-0.01842789750278825,0.04581848248819673,0.6876222275987649,0.030173096382888124,0.5415023375431142,-0.0776333017857703,0.04077750678019379
辣椒类,对数模型,星期_4,-0.023619252521057593,0.04581274810899447,0.6062681661571386,0.03420522046134198,0.4900200589055087,-0.0907364578719404,0.043497952829825215
辣椒类,对数模型,星期_5,0.08240561401463961,0.045887738567409346,0.07280800674954804,0.038536753244601075,0.03271401536425614,0.006789110270792265,0.15802211775848696
辣椒类,对数模型,星期_6,0.3762873730073508,0.04587008439383729,6.680199362541702e-16,0.03349364368185204,9.32416007089836e-28,0.31056641782494515,0.4420083281897565
辣椒类,对数模型,星期_7,0.33470699407203547,0.04570850844482308,4.784117213398791e-13,0.03389966584081465,4.635321518571513e-22,0.2681893455120531,0.40122464263201785
食用菌,线性模型,截距,106.2328924545378,7.213780946237959,8.051554614179964e-45,15.562426369520436,1.460400618131914e-11,75.69642602300067,136.76935888607494
食用菌,线性模型,日平均售价,-1.4185132258116928,0.5782174154667291,0.014316357419090405,0.8560306810245938,0.09779710640908683,-3.0982096648367667,0.2611832132133811
食用菌,线性模型,月份_02,-16.500928295849004,6.080965854161156,0.0067642283571026545,20.178418929833086,0.4136819499305908,-56.094857780980405,23.0930011892824
食用菌,线性模型,月份_03,-46.27967487763107,5.89610143328254,1.0147121572409704e-14,14.444360796486684,0.0013955324517600186,-74.62228213653492,-17.93706761872721
食用菌,线性模型,月份_04,-58.755968854683715,5.93608097257712,3.6997697465210253e-22,13.186758187200672,9.245672057302079e-06,-84.6309185034678,-32.881019205899634
食用菌,线性模型,月份_05,-63.73518972127144,5.8887797708978695,5.65827669473293e-26,12.949958902043454,9.936758515709454e-07,-89.1454937389361,-38.32488570360678
食用菌,线性模型,月份_06,-65.52560154126755,5.9536041905950485,9.257880865572098e-27,12.735669277759232,3.182083247907338e-07,-90.51542820127557,-40.53577488125953
食用菌,线性模型,月份_07,-58.886933693151896,5.915391424963685,2.1976782999076683e-22,12.650192217471552,3.6471479522241047e-06,-83.70903796076658,-34.06482942553721
食用菌,线性模型,月份_08,-52.1009063960509,5.917044320667159,5.1898939665162175e-18,12.412922055043182,2.926074168658562e-05,-76.457441080995,-27.744371711106805
食用菌,线性模型,月份_09,-50.97014148766886,6.020222531997201,8.279269861538458e-17,12.775158524803627,7.065209154598408e-05,-76.03745362700674,-25.902829348330986
食用菌,线性模型,月份_10,-19.67236189618525,5.895281449010023,0.000876220293945748,15.553853413413627,0.2062229636140779,-50.19200654298532,10.847282750614816
食用菌,线性模型,月份_11,-15.60078116344074,6.085752346278773,0.010498729757022323,17.442467511649767,0.3713025009403526,-49.82624903108943,18.62468670420795
食用菌,线性模型,月份_12,-12.464578080404305,5.977274408284292,0.037276961295664685,14.4511233640773,0.3885880013423351,-40.82045479442516,15.891298633616547
食用菌,线性模型,星期_2,-3.7012990637352585,4.52853117830754,0.4139231699953512,2.602295481110211,0.1552256681300984,-8.8075020887017,1.4049039612311818
食用菌,线性模型,星期_3,2.1350631091811745,4.536098100614604,0.637963599833729,3.2038746842474666,0.5052994523555171,-4.151553734705571,8.421679953067919
食用菌,线性模型,星期_4,0.7612132365752231,4.536680277644095,0.8667796824687614,3.6923013613486164,0.8367035241072637,-6.483790460069759,8.006216933220205
食用菌,线性模型,星期_5,9.571626742497394,4.544188872213667,0.035407729537052325,4.024636056983018,0.017570043669503828,1.674518609416272,17.468734875578516
食用菌,线性模型,星期_6,29.597678611237544,4.543066614514745,1.1191185010763336e-10,3.756854996562319,8.145070741634827e-15,22.226008296680224,36.96934892579486
食用菌,线性模型,星期_7,24.42808278326133,4.527244987376435,8.403976356322656e-08,3.2318827022694614,8.765017277149816e-14,18.086508834239773,30.76965673228289
食用菌,对数模型,截距,4.7007834793004495,0.1433147364112176,1.0452157733002026e-163,0.33185748119410347,7.323226394417849e-42,4.049615429157219,5.35195152944368
食用菌,对数模型,日平均售价,-0.16834598851778185,0.05960378375689303,0.004824945614547427,0.13764060491018637,0.2215683735721112,-0.4384232638511585,0.10173128681559482
食用菌,对数模型,月份_02,-0.26839849475090655,0.07675935594545871,0.0004905915831835616,0.20450003345640327,0.18964685452861202,-0.6696667969174739,0.13286980741566073
食用菌,对数模型,月份_03,-0.6470879652803229,0.07444152513626683,1.3170886340642498e-17,0.19064200074723334,0.000713479489723984,-1.021164148391502,-0.27301178216914374
食用菌,对数模型,月份_04,-0.8440803601815438,0.0749581998078461,7.15812968371911e-28,0.1509297935744221,2.842748109513481e-08,-1.140233573412534,-0.5479271469505536
食用菌,对数模型,月份_05,-0.9589821908413835,0.07437489391490763,1.870633217132727e-35,0.1551423292657177,9.037970785877988e-10,-1.2634012073394554,-0.6545631743433116
食用菌,对数模型,月份_06,-0.9370872758542316,0.07524187146877391,2.4404998809789927e-33,0.11921755371452206,9.331314641388996e-15,-1.1710149899916293,-0.7031595617168337
食用菌,对数模型,月份_07,-0.7861902565058326,0.07443706850920769,7.213349718614072e-25,0.1273427141792435,9.46148901216828e-10,-1.0360610944139401,-0.5363194185977251
食用菌,对数模型,月份_08,-0.6272209294934808,0.0745971569049068,1.322085427592715e-16,0.11617848603425858,8.269444121613831e-08,-0.8551854097496061,-0.39925644923735565
食用菌,对数模型,月份_09,-0.6829682983323196,0.0757233337150757,8.604541151197607e-19,0.14334006384721765,2.1532442262953385e-06,-0.9642290056303575,-0.40170759103428183
食用菌,对数模型,月份_10,-0.26787383122517683,0.07448215670899754,0.000337330621752179,0.1672605290852032,0.10955442912018314,-0.5960710808349651,0.060323418384611416
食用菌,对数模型,月份_11,-0.32949865069409306,0.07717446845138479,2.1334302823326384e-05,0.20732121688795074,0.11228588704983167,-0.7363026560414563,0.07730535465327021
食用菌,对数模型,月份_12,-0.11670069247684355,0.07548466296277961,0.12239688141565325,0.1451214142064989,0.4214844421949498,-0.40145675095967703,0.16805536600598991
食用菌,对数模型,星期_2,-0.03912324526462209,0.057171371165706426,0.4939248135187929,0.03717904438825494,0.2929036477587917,-0.11207566373467084,0.033829173205426666
食用菌,对数模型,星期_3,0.0572965056606221,0.057277583973948575,0.3173776750256738,0.04027717980384174,0.155157729640144,-0.02173504892047113,0.13632806024171534
食用菌,对数模型,星期_4,0.02272345781995646,0.05728311159522423,0.6916777873982591,0.04319834245707779,0.5989794505553718,-0.062039978357460855,0.10748689399737377
食用菌,对数模型,星期_5,0.17564105222913404,0.05738074901277228,0.002261394946031879,0.044604929316372305,8.760623258142453e-05,0.08811762275812521,0.26316448170014284
食用菌,对数模型,星期_6,0.4810154733578234,0.05735987237168114,1.5782969179132286e-16,0.04352226226080579,5.842213168078155e-27,0.39561644437641874,0.5664145023392281
食用菌,对数模型,星期_7,0.42844952565108047,0.0571614657938942,1.3860173904094146e-13,0.03683939975363597,1.6099501053658256e-29,0.3561635551202815,0.5007354961818794
