分类,分组类型,分组,样本天数,平均售价,平均日销量,销量中位数,销量标准差,线性相关,对数相关
花叶类,整体,全部日期,1085,5.725391646897101,170.7395870967742,160.384,81.36305611628732,-0.2113203354225769,-0.22308311957983454
花叶类,月份,1月,91,5.081843440337345,187.6437802197802,177.80100000000002,80.23035551900986,0.48078147023376544,0.5496760475402632
花叶类,月份,2月,82,5.734505220439484,168.55669512195124,158.45499999999998,71.86964131576363,-0.02718766197014228,-0.11757674860324153
花叶类,月份,3月,93,6.023217453529262,136.03205376344087,128.813,52.53981808473944,-0.22528750683364324,-0.23468223486668785
花叶类,月份,4月,90,5.463772683751007,138.85845555555554,134.37900000000002,45.167705612481086,-0.04564364378285841,-0.06582431824115287
花叶类,月份,5月,93,5.487740279552229,145.02009677419355,140.823,46.9234955071561,-0.5678103602263816,-0.5999203567776799
花叶类,月份,6月,90,5.172240896268539,141.37016666666665,125.2935,41.74190029383484,0.10638994344681181,0.1118175034327523
花叶类,月份,7月,93,6.484833695704547,176.60912903225807,173.864,41.241545156243525,0.09124152522802649,0.09586832012219879
花叶类,月份,8月,93,6.358359942317429,243.16402150537627,238.428,55.74824159148888,-0.5358045292666885,-0.5214672121944053
花叶类,月份,9月,90,7.077360261905086,180.16037777777777,170.422,66.62197896004223,-0.34399252866788,-0.31108293673245657
花叶类,月份,10月,93,6.7404947905794375,187.25592473118283,170.212,92.41664279609378,-0.5328554973997545,-0.5541538225109327
花叶类,月份,11月,87,5.07070913807219,163.699183908046,141.0,161.48817865782496,-0.5021041030123964,-0.6888976295306137
花叶类,月份,12月,90,3.913503576829019,178.7425111111111,179.654,83.17542432109535,-0.7354613313977939,-0.7873172787543676
花叶类,季度,第1季度,266,5.612166933552472,163.7150902255639,157.3485,72.08392141956496,0.02308682729976151,0.004102896248261067
花叶类,季度,第2季度,273,5.3758280886451155,141.78551282051285,134.419,44.59663003236233,-0.20440247859409905,-0.22728491860016303
花叶类,季度,第3季度,276,6.635432724302542,200.19325,191.7645,63.15919522959423,-0.3525642965509547,-0.3288952817594939
花叶类,季度,第4季度,270,5.260122342410296,176.8276148148148,163.117,116.79830697313896,-0.41914752622824025,-0.5078509933225712
花叶类,季节,冬季,263,4.88552282532832,178.6466121673004,175.262,78.85481737229804,-0.1075034626755083,-0.174803194812325
花叶类,季节,夏季,276,6.014198148551494,187.54426811594203,182.73399999999998,62.90487606433758,0.04371473811203799,0.09033847515432443
花叶类,季节,春季,276,5.660357285196265,139.98228623188407,134.37900000000002,48.317988779651216,-0.27897383313382,-0.3048596161943227
花叶类,季节,秋季,270,6.314741237435651,177.30023703703702,162.7095,113.24177982901554,-0.39478845379836847,-0.38030504353061445
花叶类,节假日,中秋,6,7.533426964183675,260.0353333333333,237.225,77.51028320337028,-0.7928045755094433,-0.8472411684083049
花叶类,节假日,劳动节,15,5.5707729165522855,162.37926666666667,160.855,45.212736126744936,-0.7654144499565914,-0.7952994008012568
花叶类,节假日,国庆,14,6.1602341299694325,248.71985714285717,237.69650000000001,96.70886044909555,-0.8064005579007663,-0.8477656984410059
花叶类,节假日,国庆及中秋,8,7.567477857419195,261.197125,253.363,28.43970142719254,-0.5640350134510571,-0.5639010247902624
花叶类,节假日,春节,17,6.884395008211183,205.7143529411765,216.497,70.47712060213334,-0.2734677977612333,-0.3538952812842983
花叶类,节假日,清明,7,6.473269555314486,166.73114285714286,178.469,40.30808604746104,-0.1830658154122732,-0.22800281226147032
花叶类,节假日,端午,9,5.0561117355906395,161.20655555555555,163.919,38.123567665261575,0.6517538973495087,0.6395960418004598
花叶类,节假日,非节假日,1009,5.677554086247707,168.0572596630327,156.737,81.28922515577668,-0.23463762224589904,-0.2487712903960071
花菜类,整体,全部日期,1083,9.573044525407452,36.52021237303786,32.341,22.87136960958115,-0.3166340834537673,-0.3084784669990131
花菜类,月份,1月,91,9.77854274061326,44.502703296703295,38.027,23.48630826649363,0.049948081390463285,0.0862407610219674
花菜类,月份,2月,82,8.704715459425548,40.927097560975604,35.3645,24.665530496661177,-0.1354492472230201,-0.1572916452639097
花菜类,月份,3月,92,9.581662722359704,25.01873913043479,24.389499999999998,16.04818883476432,-0.46188799434622446,-0.36204222139468495
花菜类,月份,4月,90,9.804740782350219,26.81575555555556,21.621000000000002,19.451733437276395,-0.6608471461364989,-0.6294608398985829
花菜类,月份,5月,93,8.398486161959886,28.06919354838709,26.422,12.19659943631658,-0.3849498621995924,-0.3250131213903064
花菜类,月份,6月,90,10.392273574966445,27.167155555555553,23.379,14.174996749626967,-0.5051456588622413,-0.5670606338376256
花菜类,月份,7月,93,9.533848157753088,44.08696774193548,44.4,14.167955122657744,0.03603054366409405,0.09173053431957201
花菜类,月份,8月,93,9.621873992428407,47.94241935483871,50.065,32.96194562849269,-0.461180052052571,-0.3180363071791649
花菜类,月份,9月,90,11.123428904243752,36.96865555555556,37.234,19.04220885247162,0.19318385921515216,0.16634060380111687
花菜类,月份,10月,92,11.459418598192386,39.68184782608696,34.653,23.335467951255254,-0.5657643135352795,-0.7063439606410099
花菜类,月份,11月,87,8.37280313078981,42.852586206896554,36.972,32.16488294403585,-0.6040131588091114,-0.6160266541064048
花菜类,月份,12月,90,7.981983816760851,34.5576,30.2085,16.55182579955687,-0.45623330766196246,-0.5510478159707161
花菜类,季度,第1季度,265,9.377913311418093,36.63204528301886,32.217,23.185551622418227,-0.10848798559364013,-0.15240404243905642
花菜类,季度,第2季度,273,9.519379140002817,27.35859706959707,23.847,15.496698950630162,-0.534747810584837,-0.5026280934875266
花菜类,季度,第3季度,276,10.081850584597163,43.064898550724635,43.3035,23.84423996014432,-0.20136003395576244,-0.11715291664472481
花菜类,季度,第4季度,269,9.297691178144568,38.99289591078067,32.726,24.889326442278808,-0.4807301435699254,-0.5138153913845521
花菜类,季节,冬季,263,8.828945249342883,39.98460836501901,34.072,22.093479314755584,-0.07673579021079138,-0.11975239054592703
花菜类,季节,夏季,276,9.843430368528477,39.86875724637681,39.4645,24.010890297888164,-0.3407497676157611,-0.29450300034146054
花菜类,季节,春季,275,9.25454128702139,26.638461818181817,24.448,16.123572791516086,-0.525471326788986,-0.430107275327331
花菜类,季节,秋季,269,10.348732285480855,39.7995687732342,36.875,25.358087216576465,-0.46390924849074594,-0.38338938201311396
花菜类,节假日,中秋,6,11.994927062921837,62.32916666666666,61.6545,8.423087211151662,0.3698325329379652,0.3830931677468674
花菜类,节假日,劳动节,15,8.16728334229621,28.214133333333333,28.319,13.572887685522543,-0.651178099447956,-0.43541845727548173
花菜类,节假日,国庆,14,10.497872070906466,46.99692857142856,42.2225,16.879874919625376,-0.28519944909025147,-0.3002464492237154
花菜类,节假日,国庆及中秋,8,10.351974226982051,65.283125,57.0685,25.433584475410797,-0.47939892891610913,-0.4831145838376985
花菜类,节假日,春节,17,9.717313070149793,47.55352941176471,41.123,26.508913706331047,0.6097308166630644,0.4861424684485508
花菜类,节假日,清明,7,10.109716968729824,40.14171428571428,35.593,26.83074286283234,-0.7512136632258474,-0.3956234854037348
花菜类,节假日,端午,9,10.32651226117508,32.38944444444444,21.97,23.88399104060663,-0.7966789576796829,-0.8709850304103759
花菜类,节假日,非节假日,1007,9.54760819699257,35.94148361469712,31.84,22.710524263555133,-0.34115467180711995,-0.3293570564792355
水生根茎类,整体,全部日期,1085,9.870321886261946,34.062583410138245,25.437,31.074932612041138,-0.3427109579463203,-0.44933214868160604
水生根茎类,月份,1月,91,8.228777269794955,65.52705494505494,55.56,38.904403788249596,0.36714487005236124,0.41205234391826523
水生根茎类,月份,2月,82,8.963023335283255,47.90367073170732,38.76,39.21756341203089,0.424606361701086,0.3272432397413316
水生根茎类,月份,3月,93,8.879678453798636,26.68035483870968,24.482,11.676487578300213,-0.047456618947278845,-0.02242965671741322
水生根茎类,月份,4月,90,10.182859034364808,15.222955555555556,12.867999999999999,9.706027589649445,-0.10574070578193126,-0.056060114710157365
水生根茎类,月份,5月,93,12.527812677659728,9.518559139784946,8.812,5.520733632058188,-0.15155875329626442,-0.16758109944233834
水生根茎类,月份,6月,90,16.745457085428992,12.373522222222222,10.4695,6.489016558212736,-0.2423750901335461,-0.25451004934349164
水生根茎类,月份,7月,93,12.789878632919299,26.674021505376345,14.099,28.84090165590562,-0.6149052918140725,-0.5894872350777351
水生根茎类,月份,8月,93,9.346553010737441,43.41918279569892,30.005,33.09772758945525,-0.7609309548996136,-0.6957928242273003
水生根茎类,月份,9月,90,8.117638854587302,40.065200000000004,37.263999999999996,25.93629581038983,-0.31545540214143886,-0.44125924448315224
水生根茎类,月份,10月,93,7.647875263870843,40.52487096774193,37.728,28.17094908312532,-0.03143003577847709,-0.034040004759788633
水生根茎类,月份,11月,87,7.731768656224919,31.218022988505744,20.615,36.68347972892868,-0.038070091282740776,0.12065100930625788
水生根茎类,月份,12月,90,7.087506257089815,51.19267777777778,51.6635,22.219030224302983,0.15359583721250863,0.1578654053814877
水生根茎类,季度,第1季度,266,8.682694515969326,46.512541353383455,40.081,35.975919610680315,0.2207555975085954,0.12507484046363454
水生根茎类,季度,第2季度,273,13.145183259354567,12.340326007326007,10.336,7.7707158037652695,-0.17656164316087053,-0.11389973190551249
水生根茎类,季度,第3季度,276,10.106071158597587,36.68310144927536,27.875,30.256084221143745,-0.5816468422004392,-0.6588956747565324
水生根茎类,季度,第4季度,270,7.488117910257924,41.08193333333334,36.498000000000005,30.508199270062775,-0.058660694105322146,-0.04015474401570545
水生根茎类,季节,冬季,263,8.067156685105136,55.127011406844105,49.705,34.961885728362475,0.32287457768699596,0.24613644197857745
水生根茎类,季节,夏季,276,12.91949014691553,27.65320652173913,15.6335,28.62123868682316,-0.6323622784901887,-0.6741657406794495
水生根茎类,季节,春季,276,10.53389126202341,17.16146739130435,14.963000000000001,11.744108609032489,-0.34610342539184463,-0.3741055205870541
水生根茎类,季节,秋季,270,7.831495442757086,37.37277407407408,32.26,30.697064424583953,-0.1296971069522074,-0.07196627121131344
水生根茎类,节假日,中秋,6,7.984129981056687,94.60283333333332,94.5185,38.45975073978857,-0.8393643743726362,-0.9048209392430415
水生根茎类,节假日,劳动节,15,10.293898797439187,13.979066666666666,15.352,6.115074365470799,0.04747075496169893,0.156313403338844
水生根茎类,节假日,国庆,14,7.555053784591123,72.8985,72.9495,22.659021024918363,0.6619478730783065,0.6540348415048215
水生根茎类,节假日,国庆及中秋,8,8.212261108230393,38.074625,28.868000000000002,22.097866658102667,-0.4054568479610377,-0.4552667002824979
水生根茎类,节假日,春节,17,10.81163183724395,52.36058823529412,53.632,25.06124507596047,-0.21309163327706845,-0.05194107747115772
水生根茎类,节假日,清明,7,8.670069607619768,30.993428571428577,31.759,7.916600045834972,0.6170001544439718,0.6391341879867896
水生根茎类,节假日,端午,9,18.81072790230884,14.58111111111111,12.69,7.045285381807547,-0.5362916164858443,-0.6595851275073566
水生根茎类,节假日,非节假日,1009,9.833233263913677,33.31725470763132,25.24,30.84319139698632,-0.33984886607578335,-0.4549005047232822
茄类,整体,全部日期,1050,8.878791096378016,20.802006666666667,18.2935,12.835952054774967,-0.1939899185788181,-0.22587935825057767
茄类,月份,1月,90,11.199631078279646,19.9783,15.5695,15.542642158543678,0.7079595879125617,0.650277736791467
茄类,月份,2月,82,11.676753400791515,22.56396341463415,17.697000000000003,16.979463053678632,0.1243498050863092,0.05539134965620661
茄类,月份,3月,93,11.145707225438317,16.789838709677415,16.139,5.90046241240671,-0.3109976046914413,-0.33166646495474056
茄类,月份,4月,90,9.217984197448134,20.235377777777774,19.928,7.47280256164602,-0.1802649108805892,-0.15280879572558645
茄类,月份,5月,93,7.728180462237183,24.584236559139782,22.682,9.917580807528934,-0.28292418417449117,-0.3553692436844327
茄类,月份,6月,90,6.410049121509901,28.511799999999997,27.045,10.775775688547329,-0.1652987985305517,-0.14708899047111934
茄类,月份,7月,93,6.720819330415766,30.000290322580646,28.125,14.037581476460783,-0.19322112714349995,-0.21341396763844966
茄类,月份,8月,93,8.093548278817213,28.482322580645164,26.979,13.340356253929922,-0.33794593475437545,-0.30461156668456923
茄类,月份,9月,71,8.469844533878263,19.237633802816898,18.9,7.921870115138645,-0.38050186329643465,-0.3681368061810625
茄类,月份,10月,79,8.823673318339852,17.748670886075946,13.777,11.794762761846636,-0.5419169416934888,-0.5343083856619226
茄类,月份,11月,87,8.01505954125706,10.762494252873564,9.694,7.733961748201304,-0.17762807907432857,0.029065991768294757
茄类,月份,12月,89,9.235955054208574,9.163404494382023,9.313,4.677509454630893,-0.43585667370995945,-0.4517293525891793
茄类,季度,第1季度,265,11.328344708965416,19.659422641509437,16.258,13.696148169901992,0.3004983100458507,0.21491339563021172
茄类,季度,第2季度,273,7.784775757121909,24.445347985347986,22.563,10.043765913626507,-0.34110791021702647,-0.3610443870611023
茄类,季度,第3季度,257,7.7007593368249925,26.477645914396888,24.511,13.131560014007375,-0.35304636215814683,-0.35421944606241684
茄类,季度,第4季度,255,8.691687733579512,12.368725490196079,10.572,9.16727159428599,-0.3415694526355108,-0.22396962689526295
茄类,季节,冬季,261,10.679925577527339,17.102816091954022,13.33,14.620544223951079,0.4718655061334091,0.38051617941846627
茄类,季节,夏季,276,7.0820311905599915,29.003423913043477,27.1455,12.788574055901645,-0.21535997988244635,-0.2145183841153658
茄类,季节,春季,276,9.365543959145484,20.539757246376812,19.441,8.540677725021276,-0.3985848198966332,-0.42381825468314643
茄类,季节,秋季,237,8.420841072335735,15.63018565400844,13.551,10.02707303935565,-0.29533261206669686,-0.13923584288120686
茄类,节假日,中秋,5,9.315138078855291,13.765800000000002,14.896,10.132428173937381,-0.5599885967329038,-0.3162322931362466
茄类,节假日,劳动节,15,8.698964880058794,25.514400000000002,22.784,10.595186729292289,-0.6221871845981272,-0.7130693032010592
茄类,节假日,国庆,7,8.378878992112737,28.14371428571428,27.065,6.921512689055905,-0.91116125662097,-0.9185394310332988
茄类,节假日,国庆及中秋,8,5.831650933664848,39.331125,36.126000000000005,11.140580113614241,-0.6001711669804117,-0.6430306309717427
茄类,节假日,春节,17,13.750878334055237,33.47517647058823,31.647,9.260666952461458,-0.20066241910745058,-0.2342871083416096
茄类,节假日,清明,7,11.39289098193828,22.433285714285713,22.976,5.691491946004016,-0.21350788385002864,-0.1982658210402859
茄类,节假日,端午,9,6.244710080726938,39.29144444444445,38.342,10.36242592387409,-0.562522223513189,-0.5911798235669644
茄类,节假日,非节假日,982,8.829580008053563,20.162090631364563,17.8535,12.664353201050256,-0.20934186217837528,-0.24093989761850865
辣椒类,整体,全部日期,1085,8.826796811616003,79.38874193548388,67.98,51.13648165095188,-0.149093121553621,-0.3141386265914848
辣椒类,月份,1月,91,12.66488235189416,108.59698901098898,81.754,88.59815933960786,-0.24473826719599368,-0.4108172836147227
辣椒类,月份,2月,82,11.402218045962442,112.70379268292685,94.7355,71.25014742852198,0.25474715555195115,0.08100629024569095
辣椒类,月份,3月,93,9.282635974225594,87.241,83.09,31.74120739840713,-0.4595598692565918,-0.504570705400655
辣椒类,月份,4月,90,8.643432848151388,73.33177777777776,66.22,30.018136334285817,-0.36678595501825095,-0.4040239920950315
辣椒类,月份,5月,93,7.107891678436926,68.75444086021506,64.672,26.563017878516728,-0.1804615666028558,-0.1370699777371369
辣椒类,月份,6月,90,5.838250763008793,64.02787777777777,61.1205,26.722962329830185,-0.18676681957452124,-0.22593424247106741
辣椒类,月份,7月,93,8.961374558994487,62.206548387096774,57.943,20.210130896633164,-0.2330772426031487,-0.21214397484433511
辣椒类,月份,8月,93,6.947425349259768,97.03759139784947,85.166,49.27251177143309,-0.5787522733426735,-0.590842671485954
辣椒类,月份,9月,90,8.554813339625415,69.49875555555556,56.516999999999996,34.467125252558134,-0.505474332883211,-0.5234858978361805
辣椒类,月份,10月,93,8.27470551905382,79.57488172043011,69.054,51.31999932771558,-0.4941233797672574,-0.5991546562096095
辣椒类,月份,11月,87,8.812163250786037,67.10368965517242,54.214,64.49411083918787,-0.609145103124236,-0.6349897754992173
辣椒类,月份,12月,90,9.736226244285774,64.88583333333334,48.7675,39.96583416522758,-0.6928177679169041,-0.7789610323979678
辣椒类,季度,第1季度,266,11.093125260880711,102.39642857142859,85.54050000000001,68.51338084780785,-0.047401275913259336,-0.24844250434621717
辣椒类,季度,第2季度,273,7.195551102926925,68.70524542124542,64.349,27.955029661530446,-0.14610464666733813,-0.13436072377430835
辣椒类,季度,第3季度,276,8.150186927659176,76.32098913043478,65.78800000000001,39.51033017394852,-0.5438738549604891,-0.5581081556739229
辣椒类,季度,第4季度,270,8.935059918800407,70.66003703703703,55.057500000000005,52.93151572272367,-0.5611864510405268,-0.6427408169867379
辣椒类,季节,冬季,263,11.26899823489357,94.91924714828899,79.348,72.67956991708066,-0.09813018581273605,-0.3028094777226981
辣椒类,季节,夏季,276,7.26435130484941,74.53700724637682,66.16300000000001,37.93068927360609,-0.3514703005675474,-0.34701463453062437
辣椒类,季节,春季,276,8.341405898663913,76.47621739130435,69.5685,30.451981676490224,-0.2511141386107687,-0.24668832251208722
辣椒类,季节,秋季,270,8.541255617246955,72.19767777777777,61.361000000000004,51.50974902458839,-0.5577903168636774,-0.58881306745258
辣椒类,节假日,中秋,6,8.558196270277962,98.06433333333332,86.0635,37.342568211983846,-0.9070711690288562,-0.9181205663724649
辣椒类,节假日,劳动节,15,8.355241964009368,79.85719999999999,77.396,24.054855055536233,-0.7113142150081168,-0.7314137050788815
辣椒类,节假日,国庆,14,6.607400413850461,110.82507142857143,94.8735,51.64016765518915,-0.3814883327478493,-0.3746220643582214
辣椒类,节假日,国庆及中秋,8,11.079379454825471,74.73975000000002,73.6165,9.336961661666422,-0.26384958407018055,-0.2570443308710183
辣椒类,节假日,春节,17,15.669901085887659,136.21141176470587,127.903,58.05220424654308,-0.5472727462153607,-0.5558469193243231
辣椒类,节假日,清明,7,10.18839232155546,90.99642857142855,96.732,30.759776228364334,-0.8165108673780276,-0.7479901070185663
辣椒类,节假日,端午,9,5.661691779974555,73.90100000000001,77.636,22.316465748410973,-6.396049452499286e-05,-0.008227443922631032
辣椒类,节假日,非节假日,1009,8.751829337322391,77.88245193260654,66.22,51.2363437982979,-0.16970346986581855,-0.34582444728745115
食用菌,整体,全部日期,1085,8.581306546056476,64.31529493087558,50.27,47.58976991439638,-0.1601914386635727,-0.13743022363885524
食用菌,月份,1月,91,8.763407452087556,103.27727472527475,90.131,62.437171545672115,0.03289507513527622,0.1597272100423375
食用菌,月份,2月,82,8.385820744172346,86.89968292682929,73.309,69.97793054548761,0.24339350171337854,0.0792296104029732
食用菌,月份,3月,93,8.196672861188022,56.53693548387097,50.663,32.54305188409002,-0.552626400359165,-0.6029021884269792
食用菌,月份,4月,90,8.465713694496749,44.990822222222214,39.6035,23.84285012494101,-0.6357213822934084,-0.7211732924153731
食用菌,月份,5月,93,8.408925871249984,39.458720430107526,35.067,19.371745842494644,-0.6192881323150337,-0.6814375540766276
食用菌,月份,6月,90,7.94653968310158,37.93692222222222,33.742999999999995,14.36851767684606,-0.14799526812244226,-0.1559232301423006
食用菌,月份,7月,93,9.780529406698514,42.82165591397849,41.97,13.566845414060468,0.005356546284013948,0.12417621712146149
食用菌,月份,8月,93,9.828217061903398,49.079720430107535,48.611,14.090596783089062,-0.1834966157053093,-0.15650855663429708
食用菌,月份,9月,90,10.516017193111967,48.84754444444445,42.4045,22.63123787007044,0.2779126256015991,0.4494063781227308
食用菌,月份,10月,93,8.161493903032765,84.77970967741935,73.198,54.59640710020901,-0.129541773303904,0.09622668870418269
食用菌,月份,11月,87,6.861643283845685,89.62093103448275,71.072,69.15869297304118,-0.1029911611304689,0.02734466070324991
食用菌,月份,12月,90,7.534998550799072,91.58172222222221,85.3775,41.50407063399487,0.11876770297859926,0.2865943923512076
食用菌,季度,第1季度,266,8.448864493430776,81.8869962406015,73.2145,59.82362530339912,0.010211778049622134,-0.09404761974042035
食用菌,季度,第2季度,273,8.275212124579113,40.780798534798535,35.69,19.739037491798957,-0.47092105989762595,-0.5235832403727367
食用菌,季度,第3季度,276,10.03643104695672,46.89531521739131,44.1245,17.384742978681686,0.06429238741903665,0.16420291874012716
食用菌,季度,第4季度,270,7.533821363883475,88.60699629629629,78.1755,55.91817598786995,-0.07477453622589454,0.11515205685408048
食用菌,季节,冬季,263,8.22531273282896,94.16867300380228,84.606,59.0413599760707,0.12898503563712443,0.1687676748782756
食用菌,季节,夏季,276,9.198557945866376,43.337503623188404,41.3715,14.683351933025296,-0.002952798297269021,0.0622070915277788
食用菌,季节,春季,276,8.355923603700877,47.01728260869565,41.087,26.742045638891746,-0.5649995606781284,-0.6484643083252067
食用菌,季节,秋季,270,8.52749424465444,74.36227037037038,60.846000000000004,55.214493191406525,-0.22534685138007807,-0.0466971872891752
食用菌,节假日,中秋,6,11.964999621930902,93.66833333333334,91.938,13.985439652247857,-0.5410547272141598,-0.5455357071192632
食用菌,节假日,劳动节,15,7.858620882909393,51.0412,48.197,21.40184164705725,-0.6110179951622571,-0.6148374836376859
食用菌,节假日,国庆,14,7.848428599343178,70.99707142857142,63.8645,51.77437735236682,0.39363849762041925,0.601133800117299
食用菌,节假日,国庆及中秋,8,10.212037054278381,129.4105,113.215,83.82298159983165,-0.906766985306391,-0.9414900867149132
食用菌,节假日,春节,17,9.631569680344397,120.23411764705881,94.217,60.345332644582335,-0.3351058508564178,-0.41354203962636776
食用菌,节假日,清明,7,8.59164851974598,60.53142857142858,61.539,23.869837179008595,-0.46259999683661923,-0.4206253740603784
食用菌,节假日,端午,9,8.59025097807683,51.19966666666667,56.049,15.441734649967277,0.7184103928042092,0.7213797466000614
食用菌,节假日,非节假日,1009,8.551321617110258,62.93035381565907,49.458,46.727605769046505,-0.18087951823784473,-0.16702671493788535
