n_days,mean_kg,median_kg,std_kg,cv,min_kg,q1_kg,q3_kg,iqr_kg,p95_kg,max_kg,skewness,excess_kurtosis,zero_days,positive_days,zero_rate,product_code,product_name,category_name,total_net_sales_kg,observed_sales_days,return_days,total_share,total_rank,category_total_net_sales_kg,category_share,category_rank
1085,25.957909,23.307,24.520704,0.944633,0.0,12.127,35.271,23.144,62.5272,249.974,2.903534,17.795714,227,858,0.209217,102900011016701,芜湖青椒(1),辣椒类,28164.331,858,29,0.0598,1,91588.629,0.307509,1
1085,25.379934,21.817,15.864924,0.625097,0.0,15.13,31.641,16.511,55.3472,152.132,1.93114,6.886769,9,1076,0.008295,102900005116714,西兰花,花菜类,27537.228,1076,28,0.058468,2,41766.451,0.659315,1
1085,25.022525,21.845,20.362212,0.813755,0.0,8.048,36.39,28.342,60.8432,157.132,1.368995,3.841644,28,1057,0.025806,102900005116899,净藕(1),水生根茎类,27149.44,1057,21,0.057645,3,40581.353,0.669013,1
1085,17.684072,0.0,32.605458,1.843775,0.0,0.0,22.317,22.317,90.2484,244.4,2.956255,10.828972,605,480,0.557604,102900005115960,大白菜,花叶类,19187.218,480,3,0.040739,4,198520.978,0.096651,1
1085,14.664019,12.558,14.11666,0.962673,0.0,0.0,22.475,22.475,42.5424,76.379,1.029136,0.906303,275,810,0.253456,102900005115779,云南生菜,花叶类,15910.461,810,10,0.033782,5,198520.978,0.080145,2
1085,14.374194,0.0,27.362539,1.903588,0.0,0.0,21.0,21.0,61.8,281.0,3.788242,23.293231,656,429,0.604608,106949711300259,金针菇(盒),食用菌,15596.0,429,5,0.033114,6,76086.725,0.204977,1
1085,13.202765,0.0,22.513288,1.705195,0.0,0.0,25.0,25.0,58.8,151.0,1.9378,4.083483,685,400,0.631336,102900011030059,云南生菜(份),花叶类,14325.0,400,10,0.030416,7,198520.978,0.072159,3
1085,12.536406,10.944,9.335997,0.744711,0.0,6.894,16.002,9.108,28.7956,109.43,2.626975,16.504754,63,1022,0.058065,102900005116257,紫茄子(2),茄类,13602.001,1022,9,0.02888,8,22431.782,0.606372,1
1085,10.986384,8.996,11.581647,1.054182,0.0,0.191,14.685,14.494,34.5676,79.166,1.839507,4.895523,264,821,0.243318,102900005116530,西峡香菇(1),食用菌,11920.227,821,27,0.02531,9,76086.725,0.156666,2
1085,9.984332,0.0,14.922702,1.494612,0.0,0.0,19.0,19.0,37.0,210.0,3.215281,29.783626,597,488,0.55023,102900011031100,小米椒(份),辣椒类,10833.0,488,12,0.023001,10,91588.629,0.118279,2
1085,9.498031,6.396,11.003662,1.15852,0.0,0.0,13.911,13.911,32.0142,76.615,1.803984,4.362767,303,782,0.279263,102900005115984,云南油麦菜,花叶类,10305.364,782,6,0.021881,11,198520.978,0.051911,4
1085,8.942972,0.0,19.620909,2.194003,0.0,0.0,0.0,0.0,53.8678,144.05,2.46992,7.056003,857,228,0.789862,102900005117056,泡泡椒(精品),辣椒类,9703.125,228,8,0.020602,12,91588.629,0.105942,3
1085,8.278341,5.0,16.552777,1.999528,0.0,0.0,11.0,11.0,29.0,407.0,13.987879,314.889801,397,688,0.365899,102900005118831,娃娃菜,花叶类,8982.0,688,6,0.019071,13,198520.978,0.045245,5
1085,8.154839,0.0,14.671935,1.799169,0.0,0.0,12.0,12.0,38.8,164.0,2.962141,15.764979,675,410,0.62212,102900011030097,云南油麦菜(份),花叶类,8848.0,410,7,0.018787,14,198520.978,0.04457,6
1085,7.736208,0.0,12.035773,1.555772,0.0,0.0,14.4,14.4,29.721,88.508,2.064022,6.413207,641,444,0.590783,102900011009970,青梗散花,花菜类,8393.786,444,1,0.017822,15,41766.451,0.20097,2
1085,7.589862,0.0,13.894585,1.830677,0.0,0.0,10.0,10.0,39.0,79.0,1.981263,3.426369,703,382,0.647926,102900011032251,螺丝椒(份),辣椒类,8235.0,382,4,0.017485,16,91588.629,0.089913,4
1085,7.362203,4.699,10.107116,1.372839,0.0,1.275,9.8,8.525,24.797,187.729,6.598925,96.428962,181,904,0.16682,102900051010455,黄白菜(2),花叶类,7987.99,904,8,0.016961,17,198520.978,0.040238,7
1085,7.181734,5.573,7.534272,1.049088,0.0,1.687,10.36,8.673,19.639,64.215,2.281087,9.064005,227,858,0.209217,102900011000328,螺丝椒,辣椒类,7792.181,858,6,0.016545,18,91588.629,0.085078,5
1085,7.010835,5.158,7.006176,0.999335,0.0,2.273,10.122,7.849,20.7946,43.597,1.84002,4.480381,166,919,0.152995,102900005115823,上海青,花叶类,7606.756,919,3,0.016151,19,198520.978,0.038317,8
1085,6.673515,2.551,8.441018,1.264853,0.0,0.0,11.514,11.514,22.0888,61.519,1.579197,3.4345,418,667,0.385253,102900005115786,竹叶菜,花叶类,7240.764,667,12,0.015374,20,198520.978,0.036474,9
1085,6.388018,0.0,14.208764,2.224283,0.0,0.0,0.0,0.0,39.0,153.0,2.884621,13.301874,841,244,0.775115,102900011034231,奶白菜(份),花叶类,6931.0,244,4,0.014716,21,198520.978,0.034913,10
1085,5.976715,0.0,16.023927,2.681059,0.0,0.0,0.0,0.0,40.8456,138.485,3.457401,14.109744,885,200,0.815668,102900011033906,保康高山大白菜,花叶类,6484.736,200,5,0.013769,22,198520.978,0.032665,11
1085,5.845161,0.0,10.355133,1.771573,0.0,0.0,10.0,10.0,26.0,102.0,2.573057,10.883599,699,386,0.64424,102900011030110,菠菜(份),花叶类,6342.0,386,5,0.013466,23,198520.978,0.031946,12
1085,5.57788,0.0,12.372697,2.218172,0.0,0.0,7.0,7.0,27.0,131.0,4.627379,31.411291,692,393,0.637788,102900011021842,洪湖莲藕(粉藕),水生根茎类,6052.0,393,6,0.01285,24,40581.353,0.149133,2
1085,5.365503,0.0,9.812713,1.828852,0.0,0.0,8.81,8.81,27.7596,47.649,1.899974,2.976285,748,337,0.689401,102900011034026,枝江青梗散花,花菜类,5821.571,337,7,0.012361,25,41766.451,0.139384,3
1085,5.360653,4.914,5.35147,0.998287,0.0,0.0,8.278,8.278,15.9586,36.049,1.34175,3.06254,323,762,0.297696,102900011008164,奶白菜,花叶类,5816.308,762,6,0.012349,26,198520.978,0.029298,13
1085,4.807798,3.859,5.746274,1.195199,0.0,0.0,7.334,7.334,14.21,50.28,2.603707,11.668097,355,730,0.327189,102900005118817,菠菜,花叶类,5216.461,730,4,0.011076,27,198520.978,0.026277,14
1085,4.769585,0.0,7.885855,1.653363,0.0,0.0,8.0,8.0,21.0,56.0,2.057253,4.878756,644,441,0.593548,102900011032022,小皱皮(份),辣椒类,5175.0,441,2,0.010988,28,91588.629,0.056503,6
1085,4.755238,0.961,7.30182,1.535532,0.0,0.0,6.996,6.996,17.4802,55.159,2.544861,9.309615,518,567,0.477419,102900005119975,红薯尖,花叶类,5159.433,567,5,0.010955,29,198520.978,0.025989,15
1085,4.700517,2.685,5.656738,1.203429,0.0,0.0,8.066,8.066,15.5866,35.954,1.393643,2.38889,450,635,0.414747,102900005115762,苋菜,花叶类,5100.061,635,4,0.010829,30,198520.978,0.02569,16
1085,4.57369,0.0,10.32834,2.258207,0.0,0.0,4.801,4.801,22.394,89.525,3.79878,18.21894,701,384,0.646083,102900005122654,枝江红菜苔,花叶类,4962.454,384,1,0.010537,31,198520.978,0.024997,17
1085,4.329465,0.0,6.91165,1.596421,0.0,0.0,7.659,7.659,16.2224,71.463,3.076479,18.548672,637,448,0.587097,102900005116547,金针菇(1),食用菌,4697.47,448,5,0.009974,32,76086.725,0.061738,3
1085,4.318213,0.0,8.934257,2.068971,0.0,0.0,4.562,4.562,22.94,71.582,2.85163,10.254319,745,340,0.686636,102900011008522,甜白菜,花叶类,4685.261,340,5,0.009948,33,198520.978,0.023601,18
1085,4.14444,2.601,5.645905,1.362284,0.0,0.0,6.207,6.207,13.2036,52.276,3.014365,15.05442,374,711,0.3447,102900005115908,菜心,花叶类,4496.717,711,2,0.009548,34,198520.978,0.022651,19
1085,3.897696,0.0,7.36312,1.889096,0.0,0.0,7.0,7.0,20.8,57.0,2.062942,4.933963,792,293,0.729954,102900011034330,双孢菇(盒),食用菌,4229.0,293,3,0.008979,35,76086.725,0.055581,4
1085,3.788168,0.0,5.398064,1.42498,0.0,0.0,6.775,6.775,13.9604,43.262,1.926084,5.561411,571,514,0.526267,102900005115878,茼蒿,花叶类,4110.162,514,9,0.008727,36,198520.978,0.020704,20
1085,3.739171,0.0,10.109602,2.703702,0.0,0.0,0.0,0.0,30.0,70.0,2.918947,8.220882,906,179,0.835023,102900011034224,小青菜(份),花叶类,4057.0,179,1,0.008614,37,198520.978,0.020436,21
1085,3.536006,0.0,7.722786,2.184042,0.0,0.0,3.774,3.774,20.4734,65.999,3.014081,11.742383,800,285,0.737327,102900005115861,牛首油菜,花叶类,3836.566,285,6,0.008146,38,198520.978,0.019326,22
1085,3.241256,1.958,4.127567,1.273447,0.0,0.439,4.192,3.753,11.6192,34.252,2.434135,8.154954,240,845,0.221198,102900005116509,青茄子(1),茄类,3516.763,845,4,0.007467,39,22431.782,0.156776,2
1085,3.186982,1.98,8.216622,2.578183,0.0,0.0,3.577,3.577,7.568,113.844,9.537106,106.741344,330,755,0.304147,102900005116233,红椒(1),辣椒类,3457.875,755,6,0.007342,40,91588.629,0.037754,7
1085,3.011975,0.0,4.061668,1.348507,0.0,0.0,6.109,6.109,9.9004,24.301,1.291766,1.417182,593,492,0.546544,102900011023464,小青菜(1),花叶类,3267.993,492,5,0.006939,41,198520.978,0.016462,23
1085,2.926267,0.0,7.759657,2.651725,0.0,0.0,0.0,0.0,18.0,77.0,4.054481,23.153254,870,215,0.801843,106949711300167,金针菇(袋)(2),食用菌,3175.0,215,4,0.006741,42,76086.725,0.041729,5
1085,2.829493,0.0,7.056405,2.493876,0.0,0.0,2.0,2.0,17.0,118.0,5.90245,69.716208,798,287,0.735484,102900011030141,上海青(份),花叶类,3070.0,287,1,0.006518,43,198520.978,0.015464,24
1085,2.697696,2.0,3.711561,1.375826,0.0,0.0,4.0,4.0,9.0,48.0,3.846657,29.636975,387,698,0.356682,102900011013274,白玉菇(袋),食用菌,2927.0,698,0,0.006215,44,76086.725,0.038469,6
1085,2.683225,0.0,5.67495,2.114974,0.0,0.0,4.148,4.148,10.5408,68.96,5.882376,52.982249,638,447,0.588018,102900005116790,黄心菜(1),花叶类,2911.299,447,2,0.006181,45,198520.978,0.014665,25
1085,2.590522,0.0,7.247612,2.797742,0.0,0.0,2.273,2.273,12.9942,125.417,8.262201,110.16626,788,297,0.726267,102900005115250,西峡花菇(1),食用菌,2810.716,297,5,0.005968,46,76086.725,0.036941,7
1085,2.349309,0.0,6.559873,2.792257,0.0,0.0,0.0,0.0,13.8,88.0,5.205203,41.240248,827,258,0.762212,106949711300068,金针菇(袋)(3),食用菌,2549.0,258,0,0.005412,47,76086.725,0.033501,8
1085,2.343741,0.0,4.359241,1.85995,0.0,0.0,3.406,3.406,11.5724,45.035,2.553009,10.791131,723,362,0.666359,102900005116837,平菇,食用菌,2542.959,362,2,0.005399,48,76086.725,0.033422,9
1085,2.300841,0.0,3.982383,1.730838,0.0,0.0,3.74,3.74,9.6144,50.208,3.309992,22.874867,631,454,0.581567,102900011022764,长线茄,茄类,2496.413,454,3,0.005301,49,22431.782,0.111289,3
1085,2.216569,0.0,3.662997,1.652553,0.0,0.0,3.55,3.55,10.8976,42.436,2.76034,15.306181,633,452,0.58341,102900005125815,杏鲍菇(1),食用菌,2404.977,452,1,0.005106,50,76086.725,0.031608,10
1085,2.126267,0.0,4.817107,2.265523,0.0,0.0,1.0,1.0,12.0,37.0,2.964185,10.646294,805,280,0.741935,102900011032237,青线椒(份),辣椒类,2307.0,280,0,0.004898,51,91588.629,0.025189,8
1085,2.045881,1.669,2.398726,1.172466,0.0,0.0,3.222,3.222,5.5062,29.197,3.857458,33.822855,338,747,0.311521,102900051004294,青线椒,辣椒类,2219.781,747,4,0.004713,52,91588.629,0.024236,9
1085,1.980645,0.0,11.930943,6.023766,0.0,0.0,0.0,0.0,12.0,279.0,14.863336,296.006874,962,123,0.886636,102900011001813,金针菇(袋)(1),食用菌,2149.0,123,1,0.004563,53,76086.725,0.028244,11
1085,1.980645,0.0,4.32774,2.185015,0.0,0.0,2.0,2.0,11.0,45.0,3.365175,16.281868,771,314,0.710599,106958851400125,海鲜菇(袋)(4),食用菌,2149.0,314,1,0.004563,54,76086.725,0.028244,12
1085,1.930876,0.0,8.395429,4.347991,0.0,0.0,0.0,0.0,15.0,80.0,5.51786,34.43621,999,86,0.920737,102900011001561,莲蓬(个),水生根茎类,2095.0,86,0,0.004448,55,40581.353,0.051625,3
1085,1.892166,0.0,4.489469,2.372662,0.0,0.0,1.0,1.0,11.0,72.0,5.197924,57.64574,810,275,0.746544,102900011030134,菜心(份),花叶类,2053.0,275,0,0.004359,56,198520.978,0.010341,26
1085,1.73527,0.0,4.590282,2.645284,0.0,0.0,0.0,0.0,11.9776,46.499,3.817362,20.314024,862,223,0.79447,102900011033920,黄心菜(2),花叶类,1882.768,223,1,0.003998,57,198520.978,0.009484,27
1085,1.721659,0.0,3.199103,1.858152,0.0,0.0,2.0,2.0,9.0,25.0,2.381609,6.818872,719,366,0.662673,102900011032848,姜蒜小米椒组合装(小份),辣椒类,1868.0,366,0,0.003966,58,91588.629,0.020396,10
1085,1.635945,0.0,3.988591,2.438096,0.0,0.0,0.0,0.0,11.0,30.0,3.221655,12.526031,845,240,0.778802,106971533455008,海鲜菇(袋)(3),食用菌,1775.0,240,1,0.003769,59,76086.725,0.023329,13
1085,1.573551,0.0,2.42233,1.539403,0.0,0.0,2.559,2.559,7.1178,11.493,1.525278,1.294187,607,478,0.559447,102900005115793,小白菜,花叶类,1707.303,478,4,0.003625,60,198520.978,0.0086,28
1085,1.540483,0.0,4.744432,3.079834,0.0,0.0,0.0,0.0,10.433,63.326,5.641299,47.177804,872,213,0.803687,102900011009277,荸荠,水生根茎类,1671.424,213,1,0.003549,61,40581.353,0.041187,4
1085,1.443908,0.0,2.300401,1.593177,0.0,0.0,2.636,2.636,5.9966,16.849,1.889267,4.266086,664,421,0.611982,102900005115946,木耳菜,花叶类,1566.64,421,2,0.003326,62,198520.978,0.007892,29
1085,1.42256,0.0,2.38228,1.674643,0.0,0.0,2.241,2.241,6.8146,15.1,2.049636,4.294411,650,435,0.599078,102900011006689,东门口小白菜,花叶类,1543.478,435,1,0.003277,63,198520.978,0.007775,30
1085,1.333966,0.495,2.080661,1.559756,0.0,0.0,2.212,2.212,3.978,30.453,5.147245,51.002586,500,585,0.460829,102900005125808,小米椒,辣椒类,1447.353,585,3,0.003073,64,91588.629,0.015803,11
1085,1.267394,0.0,4.388052,3.462264,0.0,0.0,0.0,0.0,10.9386,35.351,4.165379,19.225843,970,115,0.894009,102900011022849,本地黄心油菜,花叶类,1375.122,115,1,0.00292,65,198520.978,0.006927,31
1085,1.237788,0.0,4.587269,3.706021,0.0,0.0,1.0,1.0,6.0,111.0,15.868083,340.111518,758,327,0.698618,102900011012994,杏鲍菇(袋),食用菌,1343.0,327,0,0.002852,66,76086.725,0.017651,14
1085,1.202352,0.0,2.392742,1.990051,0.0,0.0,1.042,1.042,6.2908,17.368,2.293653,5.978977,792,293,0.729954,102900011033944,杏鲍菇(2),食用菌,1304.552,293,2,0.00277,67,76086.725,0.017146,15
1085,1.200922,0.0,3.959225,3.296822,0.0,0.0,0.0,0.0,11.0,25.0,3.654384,13.408554,966,119,0.890323,106971533450003,海鲜菇(包),食用菌,1303.0,119,0,0.002767,68,76086.725,0.017125,16
1085,1.199078,0.0,3.536186,2.949087,0.0,0.0,0.0,0.0,9.0,37.0,3.784288,18.432827,923,162,0.850691,102900011030912,海鲜菇(份),食用菌,1301.0,162,2,0.002762,69,76086.725,0.017099,17
1085,1.16682,0.0,3.94108,3.377624,0.0,0.0,0.0,0.0,9.0,57.0,5.947738,53.291044,913,172,0.841475,102900011011546,海鲜菇(袋)(1),食用菌,1266.0,172,0,0.002688,70,76086.725,0.016639,18
1085,1.158525,0.0,2.85904,2.467827,0.0,0.0,0.0,0.0,8.0,24.0,3.167135,12.1032,857,228,0.789862,102900011034439,青红杭椒组合装(份),辣椒类,1257.0,228,1,0.002669,71,91588.629,0.013724,12
1085,1.093577,0.487,1.436597,1.313668,0.0,0.0,1.844,1.844,3.9544,12.215,1.847619,5.614741,468,617,0.431336,102900005116226,青尖椒,辣椒类,1186.531,617,2,0.002519,72,91588.629,0.012955,13
1085,1.087237,0.165,1.580975,1.454122,0.0,0.0,1.795,1.795,4.2802,10.501,2.022605,5.109477,541,544,0.498618,102900005118824,高瓜(1),水生根茎类,1179.652,544,1,0.002505,73,40581.353,0.029069,5
1085,1.075777,0.0,3.117416,2.897828,0.0,0.0,0.0,0.0,7.9032,34.276,4.089737,22.141081,888,197,0.818433,102900011009444,大龙茄子,茄类,1167.218,197,0,0.002478,74,22431.782,0.052034,4
1085,1.02212,0.0,2.395312,2.343474,0.0,0.0,0.0,0.0,6.0,28.0,3.614182,21.611797,840,245,0.774194,102900011031926,虫草花(份),食用菌,1109.0,245,0,0.002355,75,76086.725,0.014575,19
1085,0.991705,0.0,5.184326,5.227689,-1.0,0.0,0.0,0.0,3.0,59.0,6.653891,49.570635,1007,77,0.928111,102900011032787,竹叶菜(份),花叶类,1076.0,77,1,0.002285,76,198520.978,0.00542,32
1085,0.987097,0.0,1.860896,1.885221,0.0,0.0,1.0,1.0,5.0,15.0,2.588322,8.682265,726,359,0.669124,102900011001806,姬菇(包),食用菌,1071.0,359,2,0.002274,77,76086.725,0.014076,20
1085,0.965612,0.0,1.827665,1.892753,0.0,0.0,1.37,1.37,4.1418,18.819,3.859979,21.718104,584,501,0.538249,102900051000463,圆茄子(2),茄类,1047.689,501,0,0.002225,78,22431.782,0.046706,5
1085,0.901382,0.0,2.914597,3.233475,0.0,0.0,0.0,0.0,7.0,41.0,5.225729,44.105632,944,141,0.870046,102900011018095,虫草花(袋),食用菌,978.0,141,0,0.002077,79,76086.725,0.012854,21
1085,0.878341,0.0,2.057732,2.342749,0.0,0.0,0.0,0.0,5.0,16.0,3.022784,10.590884,839,246,0.773272,102900011032244,红尖椒(份),辣椒类,953.0,246,0,0.002023,80,91588.629,0.010405,14
1085,0.865968,0.0,1.975218,2.280937,0.0,0.0,0.744,0.744,4.9846,18.8,3.42641,15.550399,782,303,0.720737,102900005115885,蔡甸藜蒿,花叶类,939.575,303,3,0.001995,81,198520.978,0.004733,33
1085,0.858986,0.0,2.282499,2.657201,0.0,0.0,0.0,0.0,6.0,22.0,3.486823,15.934824,892,193,0.82212,102900011031582,青尖椒(份),辣椒类,932.0,193,0,0.001979,82,91588.629,0.010176,15
1085,0.829343,0.0,2.994372,3.610536,0.0,0.0,0.0,0.0,7.2798,27.251,4.359225,21.671352,983,102,0.905991,102900005115168,牛首生菜,花叶类,899.837,102,0,0.001911,83,198520.978,0.004533,34
1085,0.708947,0.0,1.490453,2.102347,0.0,0.0,0.683,0.683,3.7962,12.32,2.78946,10.175723,797,288,0.734562,102900011035078,红椒(2),辣椒类,769.208,288,2,0.001633,84,91588.629,0.008399,16
1085,0.687147,0.0,1.63388,2.377775,0.0,0.0,0.0,0.0,4.6094,11.218,2.996415,9.917299,827,258,0.762212,102900051000944,洪湖藕带,水生根茎类,745.554,258,0,0.001583,85,40581.353,0.018372,6
1085,0.682949,0.0,1.850734,2.709914,0.0,0.0,0.0,0.0,5.0,19.0,3.578683,16.912061,903,182,0.832258,102900011030929,鲜木耳(份),食用菌,741.0,182,0,0.001573,86,76086.725,0.009739,22
1085,0.675221,0.0,1.50806,2.233431,0.0,0.0,0.0,0.0,4.208,11.003,2.741552,8.680434,816,269,0.752074,102900011006948,外地茼蒿,花叶类,732.615,269,0,0.001556,87,198520.978,0.00369,35
1085,0.670046,0.0,3.53343,5.273413,0.0,0.0,0.0,0.0,1.0,35.0,6.077149,39.668882,1027,58,0.946544,102900011033234,红薯尖(份),花叶类,727.0,58,0,0.001544,88,198520.978,0.003662,36
1085,0.662374,0.0,2.741281,4.138569,0.0,0.0,0.0,0.0,5.1828,23.17,5.062517,28.084359,993,92,0.915207,102900005115748,白菜苔,花叶类,718.676,92,0,0.001526,89,198520.978,0.00362,37
1085,0.652535,0.0,3.375624,5.173096,0.0,0.0,0.0,0.0,0.0,40.0,6.305606,45.977916,1034,51,0.952995,106930274620090,海鲜菇(袋)(2),食用菌,708.0,51,1,0.001503,90,76086.725,0.009305,23
1085,0.651613,0.0,1.821942,2.79605,0.0,0.0,0.0,0.0,4.0,15.0,3.692746,15.718543,893,192,0.823041,102900011032213,红杭椒(份),辣椒类,707.0,192,1,0.001501,91,91588.629,0.007719,17
1085,0.628571,0.0,2.381377,3.788554,0.0,0.0,0.0,0.0,6.0,21.0,4.509313,22.190489,985,100,0.907834,102900011031995,姬菇(份),食用菌,682.0,100,1,0.001448,92,76086.725,0.008963,24
1085,0.622324,0.0,2.229124,3.581937,0.0,0.0,0.0,0.0,4.5418,28.465,5.996049,52.667545,943,142,0.869124,102900011000571,随州泡泡青,花叶类,675.221,142,0,0.001434,93,198520.978,0.003401,38
1085,0.606968,0.207,1.091126,1.797667,0.0,0.0,0.945,0.945,2.177,18.426,7.607373,103.278126,497,588,0.458065,102900005116943,红杭椒,辣椒类,658.56,588,1,0.001398,94,91588.629,0.00719,18
1085,0.590783,0.0,1.90656,3.227172,0.0,0.0,0.0,0.0,4.0,31.0,6.406498,70.409442,909,176,0.837788,102900011022030,组合椒系列,辣椒类,641.0,176,2,0.001361,95,91588.629,0.006999,19
1085,0.578542,0.0,1.288565,2.227264,-0.325,0.0,0.0,0.0,3.4038,7.346,2.332251,5.185036,861,223,0.793548,102900005119098,双孢菇,食用菌,627.718,223,1,0.001333,96,76086.725,0.00825,25
1085,0.549951,0.0,2.618455,4.761251,0.0,0.0,0.0,0.0,3.0656,27.89,5.734562,37.503744,1024,61,0.943779,102900005118572,本地上海青,花叶类,596.697,61,0,0.001267,97,198520.978,0.003006,39
1085,0.541014,0.0,2.016405,3.727086,0.0,0.0,0.0,0.0,6.0,14.0,3.854653,14.238039,1002,83,0.923502,102900011030103,茼蒿(份),花叶类,587.0,83,0,0.001246,98,198520.978,0.002957,40
1085,0.462825,0.0,0.835844,1.805961,0.0,0.0,0.8,0.8,2.108,4.779,1.947707,3.832416,759,326,0.699539,102900005119944,海鲜菇(1),食用菌,502.165,326,1,0.001066,99,76086.725,0.0066,26
1085,0.436235,0.0,1.692966,3.880857,0.0,0.0,0.0,0.0,4.0218,14.415,4.517055,22.148068,996,89,0.917972,102900011033937,金针菇(2),食用菌,473.315,89,0,0.001005,100,76086.725,0.006221,27
1085,0.43318,0.0,1.615882,3.730281,0.0,0.0,0.0,0.0,3.0,22.0,6.02816,50.849982,955,130,0.880184,102900011030905,鱼腥草(份),花叶类,470.0,130,0,0.000998,101,198520.978,0.002368,41
1085,0.421198,0.0,1.601577,3.802431,0.0,0.0,0.0,0.0,3.0,13.0,4.775817,24.962872,975,110,0.898618,102900011032206,青杭椒(份),辣椒类,457.0,110,0,0.00097,102,91588.629,0.00499,20
1085,0.414455,0.0,1.356468,3.272893,0.0,0.0,0.0,0.0,3.6378,11.046,4.061308,17.539496,926,159,0.853456,102900011032732,高瓜(2),水生根茎类,449.684,159,1,0.000955,103,40581.353,0.011081,7
1085,0.413696,0.0,1.239862,2.997038,0.0,0.0,0.0,0.0,3.173,10.203,3.672915,14.723965,921,164,0.848848,102900011010891,野藕(1),水生根茎类,448.86,164,2,0.000953,104,40581.353,0.011061,8
1085,0.404233,0.0,0.885535,2.190654,0.0,0.0,0.378,0.378,2.2136,7.756,3.211999,13.62884,771,314,0.710599,102900005116219,红尖椒,辣椒类,438.593,314,1,0.000931,105,91588.629,0.004789,21
1085,0.392627,0.0,2.164103,5.511858,0.0,0.0,0.0,0.0,1.0,25.0,6.831683,52.546504,1029,56,0.948387,102900011034200,苋菜(份),花叶类,426.0,56,0,0.000905,106,198520.978,0.002146,42
1085,0.382788,0.0,1.196655,3.126155,0.0,0.0,0.0,0.0,2.818,11.585,4.257236,21.780011,921,164,0.848848,102900005115854,萝卜叶,花叶类,415.325,164,0,0.000882,107,198520.978,0.002092,43
1085,0.38142,0.0,2.065312,5.414793,0.0,0.0,0.0,0.0,1.8306,35.755,8.691545,104.56483,1016,69,0.936406,102900011032619,西峡香菇(2),食用菌,413.841,69,2,0.000879,108,76086.725,0.005439,28
1085,0.367742,0.0,1.886608,5.13025,-1.0,0.0,0.0,0.0,2.0,30.0,10.110413,131.601045,985,99,0.907834,106930274220092,蟹味菇(袋),食用菌,399.0,99,1,0.000847,109,76086.725,0.005244,29
1085,0.349309,0.0,1.964776,5.624753,0.0,0.0,0.0,0.0,2.0,34.0,9.411321,118.769,1020,65,0.940092,102900011035788,西峡香菇(份),食用菌,379.0,65,0,0.000805,110,76086.725,0.004981,30
1085,0.345827,0.0,0.634537,1.83484,0.0,0.0,0.508,0.508,1.6668,4.185,1.883468,3.51751,777,308,0.716129,102900005116912,姬菇(1),食用菌,375.222,308,0,0.000797,111,76086.725,0.004932,31
1085,0.341935,0.0,1.140556,3.33559,0.0,0.0,0.0,0.0,3.0,10.0,4.344817,21.529961,948,137,0.873733,102900011035740,蟹味菇与白玉菇双拼(盒),食用菌,371.0,137,0,0.000788,112,76086.725,0.004876,32
1085,0.341044,0.0,0.798223,2.340526,0.0,0.0,0.0,0.0,2.1488,5.841,2.960932,9.939242,827,258,0.762212,102900011032343,七彩椒(2),辣椒类,370.033,258,1,0.000786,113,91588.629,0.00404,22
1085,0.321475,0.0,1.450003,4.510474,0.0,0.0,0.0,0.0,2.3728,13.852,5.429878,33.119454,1015,70,0.935484,102900011035511,净藕(3),水生根茎类,348.8,70,0,0.000741,114,40581.353,0.008595,9
1085,0.314286,0.0,1.669078,5.310701,0.0,0.0,0.0,0.0,0.0,15.0,6.006724,38.043202,1038,47,0.956682,102900011034217,小白菜(份),花叶类,341.0,47,1,0.000724,115,198520.978,0.001718,44
1085,0.307118,0.0,1.119434,3.644965,0.0,0.0,0.0,0.0,2.0222,12.849,6.188385,50.296346,934,151,0.860829,102900005115199,四川红香椿,花叶类,333.223,151,1,0.000708,116,198520.978,0.001679,45
1085,0.288479,0.0,1.472599,5.104696,0.0,0.0,0.0,0.0,0.0,20.0,6.662456,56.049383,1033,52,0.952074,102900011030042,枝江红菜苔(份),花叶类,313.0,52,0,0.000665,117,198520.978,0.001577,46
1085,0.273878,0.0,2.098942,7.663775,0.0,0.0,0.0,0.0,0.0,51.508,15.630031,338.599179,1041,44,0.959447,102900011033982,紫茄子(1),茄类,297.158,44,0,0.000631,118,22431.782,0.013247,6
1085,0.272811,0.0,1.403491,5.144552,0.0,0.0,0.0,0.0,0.0,15.0,5.787634,36.638278,1039,46,0.957604,102900011030158,小青菜(2),花叶类,296.0,46,0,0.000628,119,198520.978,0.001491,47
1085,0.264516,0.0,0.841215,3.180201,0.0,0.0,0.0,0.0,2.0,7.0,4.173624,20.309197,944,141,0.870046,102900011007044,银耳(朵),食用菌,287.0,141,1,0.000609,120,76086.725,0.003772,33
1085,0.260829,0.0,1.084606,4.158295,0.0,0.0,0.0,0.0,2.0,9.0,4.918371,25.839462,1000,85,0.921659,102900011032220,水果辣椒(份),辣椒类,283.0,85,0,0.000601,121,91588.629,0.00309,23
1085,0.256785,0.0,0.629134,2.450038,0.0,0.0,0.119,0.119,1.5334,7.187,4.218486,27.355289,813,272,0.749309,102900011001219,红灯笼椒(1),辣椒类,278.612,272,0,0.000592,122,91588.629,0.003042,24
1085,0.242573,0.0,0.826844,3.408635,0.0,0.0,0.173,0.173,1.3228,16.094,11.065305,173.886791,801,284,0.738249,102900005117209,七彩椒(1),辣椒类,263.192,284,0,0.000559,123,91588.629,0.002874,25
1085,0.231336,0.0,1.062153,4.591377,0.0,0.0,0.0,0.0,1.0,8.0,4.905977,24.097795,1026,59,0.945622,106956146480197,白玉菇(2),食用菌,251.0,59,0,0.000533,124,76086.725,0.003299,34
1085,0.197982,0.0,0.66182,3.342835,0.0,0.0,0.0,0.0,1.213,9.534,6.448936,61.326894,903,182,0.832258,102900011032367,红灯笼椒(2),辣椒类,214.81,182,0,0.000456,125,91588.629,0.002345,26
1085,0.195549,0.0,0.458443,2.344388,0.0,0.0,0.0,0.0,1.1786,5.429,3.628092,21.666409,833,252,0.767742,102900011009246,鲜木耳(1),食用菌,212.171,252,0,0.00045,126,76086.725,0.002789,35
1085,0.195431,0.0,0.553049,2.829889,0.0,0.0,0.0,0.0,1.2158,5.758,4.776306,31.77485,868,217,0.8,102900005123880,灯笼椒(1),辣椒类,212.043,217,0,0.00045,127,91588.629,0.002315,27
1085,0.184332,0.0,4.893057,26.544833,0.0,0.0,0.0,0.0,0.0,160.0,32.237045,1052.760606,1078,7,0.993548,102900011034354,鲜粽叶(袋)(1),花叶类,200.0,7,0,0.000425,128,198520.978,0.001007,48
1085,0.175596,0.0,1.190467,6.779568,0.0,0.0,0.0,0.0,0.0,23.06,10.898684,157.618938,1033,52,0.952074,102900011033975,青茄子(2),茄类,190.522,52,0,0.000405,129,22431.782,0.008493,7
1085,0.172194,0.0,0.892194,5.181316,0.0,0.0,0.0,0.0,0.8286,10.321,6.830227,53.298334,1022,63,0.941935,102900011035764,龙牙菜,花叶类,186.831,63,0,0.000397,130,198520.978,0.000941,49
1085,0.154839,0.0,1.032671,6.669332,0.0,0.0,0.0,0.0,0.0,18.0,9.762883,120.884256,1043,42,0.96129,106957634300010,白玉菇(盒),食用菌,168.0,42,0,0.000357,131,76086.725,0.002208,36
1085,0.15082,0.0,0.711141,4.715155,0.0,0.0,0.0,0.0,0.7996,7.579,6.030483,41.627126,1004,81,0.925346,102900011027479,小皱皮,辣椒类,163.64,81,0,0.000347,132,91588.629,0.001787,28
1085,0.143314,0.0,0.808175,5.639177,0.0,0.0,0.0,0.0,0.546,12.256,8.524953,89.706048,1015,70,0.935484,102900011035771,黄白菜(1),花叶类,155.496,70,2,0.00033,133,198520.978,0.000783,50
1085,0.118433,0.0,0.505494,4.268183,0.0,0.0,0.0,0.0,0.9152,5.815,5.717737,39.802145,995,90,0.917051,102900005119968,青杭椒(2),辣椒类,128.5,90,0,0.000273,134,91588.629,0.001403,29
1085,0.117972,0.0,1.453111,12.317384,0.0,0.0,0.0,0.0,0.0,41.0,22.782699,599.741749,1054,31,0.971429,106972776821582,鲜粽叶(袋)(3),花叶类,128.0,31,0,0.000272,135,198520.978,0.000645,51
1085,0.117051,0.0,0.949915,8.115414,0.0,0.0,0.0,0.0,0.0,15.0,10.115877,117.30094,1063,22,0.979724,102900011035481,外地茼蒿(份),花叶类,127.0,22,0,0.00027,136,198520.978,0.00064,52
1085,0.116518,0.0,0.46438,3.985481,0.0,0.0,0.0,0.0,0.9004,4.837,5.549946,36.71569,980,105,0.903226,102900011001691,菱角,水生根茎类,126.422,105,0,0.000268,137,40581.353,0.003115,10
1085,0.111539,0.0,0.738433,6.620396,0.0,0.0,0.0,0.0,0.0,12.853,9.921108,122.602981,1038,47,0.956682,102900005115625,本地小毛白菜,花叶类,121.02,47,0,0.000257,138,198520.978,0.00061,53
1085,0.110272,0.0,0.518563,4.702581,0.0,0.0,0.0,0.0,0.7874,7.4,6.529544,55.942235,1012,73,0.932719,102900011029176,辣妹子,辣椒类,119.645,73,1,0.000254,139,91588.629,0.001306,30
1085,0.100461,0.0,0.862316,8.583601,0.0,0.0,0.0,0.0,0.0,10.0,9.646995,97.126683,1066,19,0.982488,106973990980123,和丰阳光海鲜菇(包),食用菌,109.0,19,0,0.000231,140,76086.725,0.001433,37
1085,0.094009,0.0,0.490134,5.213683,0.0,0.0,0.0,0.0,0.0,5.0,6.292374,43.905087,1034,51,0.952995,102900005119104,蟹味菇(1),食用菌,102.0,51,0,0.000217,141,76086.725,0.001341,38
1085,0.094009,0.0,0.803826,8.550498,0.0,0.0,0.0,0.0,0.0,9.0,9.319996,88.683955,1066,19,0.982488,102900011031599,杏鲍菇(份),食用菌,102.0,19,0,0.000217,142,76086.725,0.001341,39
1085,0.093437,0.0,0.483218,5.171599,0.0,0.0,0.0,0.0,0.5252,7.138,8.764161,98.297636,1004,81,0.925346,102900011016909,花茄子,茄类,101.379,81,0,0.000215,143,22431.782,0.004519,8
1085,0.093203,0.0,1.04169,11.176598,0.0,0.0,0.0,0.0,0.0,29.631,22.412285,605.217895,1058,27,0.975115,102900005116806,黑油菜,花叶类,101.125,27,0,0.000215,144,198520.978,0.000509,54
1085,0.092598,0.0,0.394664,4.262119,0.0,0.0,0.0,0.0,0.734,4.739,6.25735,48.636562,989,96,0.911521,102900011007969,红莲藕带,水生根茎类,100.469,96,1,0.000213,145,40581.353,0.002476,11
1085,0.087558,0.0,0.60034,6.856511,0.0,0.0,0.0,0.0,0.0,9.0,8.755088,90.138409,1053,32,0.970507,106956146480203,蟹味菇(2),食用菌,95.0,32,0,0.000202,146,76086.725,0.001249,40
1085,0.086926,0.0,0.354333,4.076247,0.0,0.0,0.0,0.0,0.6828,4.011,5.528897,37.989886,992,93,0.914286,102900005116639,马齿苋,花叶类,94.315,93,1,0.0002,147,198520.978,0.000475,55
1085,0.085714,0.0,0.712972,8.318006,0.0,0.0,0.0,0.0,0.0,10.0,10.73745,126.411953,1058,27,0.975115,102900011034262,红椒(份),辣椒类,93.0,27,0,0.000197,148,91588.629,0.001015,31
1085,0.084122,0.0,0.879899,10.459842,0.0,0.0,0.0,0.0,0.0,10.315,10.506202,109.668988,1075,10,0.990783,102900011000175,快菜,花叶类,91.272,10,0,0.000194,149,198520.978,0.00046,56
1085,0.082949,0.0,0.436497,5.262219,0.0,0.0,0.0,0.0,0.0,4.0,6.156372,41.086813,1037,48,0.95576,102900011012482,茶树菇(袋),食用菌,90.0,48,0,0.000191,150,76086.725,0.001183,41
1085,0.078385,0.0,0.556219,7.095966,0.0,0.0,0.0,0.0,0.0,7.924,9.518973,105.190029,1046,39,0.964055,102900005115977,豌豆尖,花叶类,85.048,39,0,0.000181,151,198520.978,0.000428,57
1085,0.074654,0.0,0.505462,6.770693,0.0,0.0,0.0,0.0,0.0,6.0,8.205196,74.118872,1053,32,0.970507,106957634300058,蟹味菇(盒),食用菌,81.0,32,0,0.000172,152,76086.725,0.001065,42
1085,0.070595,0.0,0.275202,3.8983,0.0,0.0,0.0,0.0,0.5438,3.453,5.498592,39.750214,984,101,0.906912,102900011032350,灯笼椒(2),辣椒类,76.596,101,0,0.000163,153,91588.629,0.000836,32
1085,0.059908,0.0,0.567498,9.472844,0.0,0.0,0.0,0.0,0.0,11.0,12.146673,177.170821,1069,16,0.985253,102900011033241,蔡甸藜蒿(份),花叶类,65.0,16,0,0.000138,154,198520.978,0.000327,58
1085,0.057347,0.0,0.912663,15.914874,0.0,0.0,0.0,0.0,0.0,25.154,22.102117,557.85828,1077,8,0.992627,102900011023976,净藕(2),水生根茎类,62.221,8,0,0.000132,155,40581.353,0.001533,12
1085,0.047829,0.0,0.282322,5.902668,0.0,0.0,0.0,0.0,0.0,3.622,7.417684,63.605426,1042,43,0.960369,102900011032633,海鲜菇(2),食用菌,51.895,43,0,0.00011,156,76086.725,0.000682,43
1085,0.047682,0.0,0.521925,10.945957,0.0,0.0,0.0,0.0,0.0,10.388,13.357444,204.45965,1071,14,0.987097,102900011008485,芥菜,花叶类,51.735,14,0,0.00011,157,198520.978,0.000261,59
1085,0.046834,0.0,0.40677,8.685348,0.0,0.0,0.0,0.0,0.0,6.211,10.889458,133.534134,1062,23,0.978802,102900011018132,野生粉藕,水生根茎类,50.815,23,0,0.000108,158,40581.353,0.001252,13
1085,0.041707,0.0,0.15785,3.784749,0.0,0.0,0.0,0.0,0.3558,1.239,4.533526,22.471291,989,96,0.911521,102900011002414,田七,花叶类,45.252,96,0,9.6e-05,159,198520.978,0.000228,60
1085,0.041475,0.0,0.342465,8.2572,0.0,0.0,0.0,0.0,0.0,6.0,11.438592,155.420821,1061,24,0.97788,102900011036242,青红尖椒组合装(份),辣椒类,45.0,24,0,9.6e-05,160,91588.629,0.000491,33
1085,0.037788,0.0,0.815809,21.589101,0.0,0.0,0.0,0.0,0.0,26.0,30.059092,949.671203,1078,7,0.993548,102900011032282,襄甜红菜苔(袋),花叶类,41.0,7,0,8.7e-05,161,198520.978,0.000207,61
1085,0.037535,0.0,0.341755,9.104849,0.0,0.0,0.0,0.0,0.0,4.872,10.698289,123.230509,1067,18,0.98341,102900051009220,油菜苔,花叶类,40.726,18,0,8.6e-05,162,198520.978,0.000205,62
1085,0.036866,0.0,0.224277,6.083511,0.0,0.0,0.0,0.0,0.0,3.0,7.202482,61.002429,1052,33,0.969585,102900011032176,紫苏(份),花叶类,40.0,33,0,8.5e-05,163,198520.978,0.000201,63
1085,0.036866,0.0,0.463149,12.56291,0.0,0.0,0.0,0.0,0.0,12.0,18.942487,436.155687,1073,12,0.98894,102900011034569,洪湖莲藕(脆藕),水生根茎类,40.0,12,0,8.5e-05,164,40581.353,0.000986,14
1085,0.036845,0.0,0.157603,4.277453,0.0,0.0,0.0,0.0,0.3046,1.734,5.491839,36.101948,1003,82,0.924424,102900051009336,虫草花,食用菌,39.977,82,0,8.5e-05,165,76086.725,0.000525,44
1085,0.031336,0.0,0.259389,8.27757,-1.0,0.0,0.0,0.0,0.0,4.0,10.650003,137.225123,1060,24,0.976959,102900011030608,牛排菇(盒),食用菌,34.0,24,1,7.2e-05,166,76086.725,0.000447,45
1085,0.031251,0.0,0.287894,9.212419,0.0,0.0,0.0,0.0,0.0,4.609,11.454536,145.830776,1065,20,0.981567,102900011028407,余干椒,辣椒类,33.907,20,0,7.2e-05,167,91588.629,0.00037,34
1085,0.027903,0.0,0.547871,19.634676,0.0,0.0,0.0,0.0,0.0,12.957,20.592762,437.89258,1082,3,0.997235,102900011022924,青菜苔,花叶类,30.275,3,0,6.4e-05,168,198520.978,0.000153,64
1085,0.027808,0.0,0.126131,4.535729,0.0,0.0,0.0,0.0,0.169,1.48,6.231623,47.432433,1001,84,0.922581,102900011007464,紫苏,花叶类,30.172,84,0,6.4e-05,169,198520.978,0.000152,65
1085,0.026728,0.0,0.192634,7.207166,0.0,0.0,0.0,0.0,0.0,2.0,7.98432,68.551511,1062,23,0.978802,102900011031216,冰草(盒),花叶类,29.0,23,0,6.2e-05,170,198520.978,0.000146,66
1085,0.02636,0.0,0.188723,7.15935,0.0,0.0,0.0,0.0,0.0,2.684,8.772484,86.145954,1054,31,0.971429,102900011032589,鱼腥草,花叶类,28.601,31,0,6.1e-05,171,198520.978,0.000144,67
1085,0.026333,0.0,0.176645,6.708184,0.0,0.0,0.0,0.0,0.0,1.818,7.439087,57.522395,1055,30,0.97235,102900011029305,水果辣椒,辣椒类,28.571,30,0,6.1e-05,172,91588.629,0.000312,35
1085,0.0263,0.0,0.15563,5.917578,0.0,0.0,0.0,0.0,0.0,1.963,7.361215,61.73625,1044,41,0.962212,102900011032626,鲜木耳(2),食用菌,28.535,41,0,6.1e-05,173,76086.725,0.000375,46
1085,0.025542,0.0,0.181575,7.108903,0.0,0.0,0.0,0.0,0.0,2.746,9.338242,103.210663,1053,32,0.970507,102900011000861,红线椒,辣椒类,27.713,32,1,5.9e-05,174,91588.629,0.000303,36
1085,0.024905,0.0,0.130967,5.258655,0.0,0.0,0.0,0.0,0.0,1.482,6.646999,51.112773,1032,53,0.951152,102900051010790,紫贝菜,花叶类,27.022,53,0,5.7e-05,175,198520.978,0.000136,68
1085,0.024885,0.0,0.167266,6.721621,0.0,0.0,0.0,0.0,0.0,2.0,7.251712,57.704852,1060,25,0.976959,102900011036686,木耳菜(份),花叶类,27.0,25,0,5.7e-05,176,198520.978,0.000136,69
1085,0.023041,0.0,0.349517,15.16905,0.0,0.0,0.0,0.0,0.0,10.0,23.589895,633.750764,1074,11,0.989862,102900011021644,洪山菜苔,花叶类,25.0,11,0,5.3e-05,177,198520.978,0.000126,70
1085,0.023038,0.0,0.200547,8.70515,0.0,0.0,0.0,0.0,0.0,4.021,12.188311,185.180567,1063,22,0.979724,102900011033081,春菜,花叶类,24.996,22,0,5.3e-05,178,198520.978,0.000126,71
1085,0.020276,0.0,0.264006,13.020298,0.0,0.0,0.0,0.0,0.0,5.0,14.736123,231.481319,1077,8,0.992627,102900005117353,白玉菇(1),食用菌,22.0,8,0,4.7e-05,179,76086.725,0.000289,47
1085,0.019355,0.0,0.282636,14.602882,0.0,0.0,0.0,0.0,0.0,7.0,18.337108,388.334288,1078,7,0.993548,102900011024010,鲜藕带(袋),水生根茎类,21.0,7,0,4.5e-05,180,40581.353,0.000517,15
1085,0.017156,0.0,0.396363,23.103775,0.0,0.0,0.0,0.0,0.0,10.432,23.910814,580.951788,1082,3,0.997235,102900051006229,藕尖,水生根茎类,18.614,3,0,4e-05,181,40581.353,0.000459,16
1085,0.016984,0.0,0.294563,17.34321,0.0,0.0,0.0,0.0,0.0,6.23,18.286899,343.093726,1081,4,0.996313,102900005115816,南瓜尖,花叶类,18.428,4,0,3.9e-05,182,198520.978,9.3e-05,72
1085,0.01659,0.0,0.191376,11.535739,0.0,0.0,0.0,0.0,0.0,4.0,13.979502,227.207063,1075,10,0.990783,102900011031735,七彩椒(份),辣椒类,18.0,10,0,3.8e-05,183,91588.629,0.000197,37
1085,0.015625,0.0,0.103427,6.619402,0.0,0.0,0.0,0.0,0.0,1.349,8.397152,81.80748,1052,33,0.969585,102900011032640,姬菇(2),食用菌,16.953,33,0,3.6e-05,184,76086.725,0.000223,48
1085,0.015511,0.0,0.26376,17.005145,0.0,0.0,0.0,0.0,0.0,5.081,17.631843,316.098265,1081,4,0.996313,102900011027462,奶白菜苗,花叶类,16.829,4,0,3.6e-05,185,198520.978,8.5e-05,73
1085,0.015242,0.0,0.289427,18.988293,0.0,0.0,0.0,0.0,0.0,7.199,20.883534,459.112932,1081,4,0.996313,102900011035849,大白菜秧,花叶类,16.538,4,0,3.5e-05,186,198520.978,8.3e-05,74
1085,0.015057,0.0,0.167891,11.150262,0.0,0.0,0.0,0.0,0.0,4.055,16.68305,342.594818,1068,17,0.984332,102900011006955,冰草,花叶类,16.337,17,0,3.5e-05,187,198520.978,8.2e-05,75
1085,0.014642,0.0,0.15112,10.320702,0.0,0.0,0.0,0.0,0.0,2.588,12.016076,159.29578,1071,14,0.987097,102900011008676,荠菜,花叶类,15.887,14,0,3.4e-05,188,198520.978,8e-05,76
1085,0.013556,0.0,0.129818,9.57658,0.0,0.0,0.0,0.0,0.0,2.513,12.423225,182.416764,1068,17,0.984332,102900011011669,秀珍菇,食用菌,14.708,17,0,3.1e-05,189,76086.725,0.000193,49
1085,0.013112,0.0,0.128316,9.785834,0.0,0.0,0.0,0.0,0.0,3.013,15.46926,305.517993,1066,19,0.982488,102900011008133,丝瓜尖,花叶类,14.227,19,0,3e-05,190,198520.978,7.2e-05,77
1085,0.012213,0.0,0.118294,9.686,0.0,0.0,0.0,0.0,0.0,1.578,10.935221,125.486857,1070,15,0.986175,102900011000632,紫白菜(1),花菜类,13.251,15,0,2.8e-05,191,41766.451,0.000317,4
1085,0.011982,0.0,0.15139,12.635272,0.0,0.0,0.0,0.0,0.0,3.0,14.411716,227.247745,1077,8,0.992627,102900011031759,红灯笼椒(份),辣椒类,13.0,8,0,2.8e-05,192,91588.629,0.000142,38
1085,0.011982,0.0,0.216574,18.075596,0.0,0.0,0.0,0.0,0.0,5.0,19.576548,398.671661,1081,4,0.996313,102900011036068,菌蔬四宝(份),食用菌,13.0,4,0,2.8e-05,193,76086.725,0.000171,50
1085,0.011923,0.0,0.085021,7.131099,0.0,0.0,0.0,0.0,0.0,1.203,9.541267,104.559808,1052,33,0.969585,102900011008515,面条菜,花叶类,12.936,33,0,2.7e-05,194,198520.978,6.5e-05,78
1085,0.010505,0.0,0.172404,16.411477,0.0,0.0,0.0,0.0,0.0,4.561,20.949621,495.413406,1079,6,0.99447,102900011035962,野藕(2),水生根茎类,11.398,6,0,2.4e-05,195,40581.353,0.000281,17
1085,0.009688,0.0,0.185512,19.147662,0.0,0.0,0.0,0.0,0.0,4.874,21.971359,517.666874,1081,4,0.996313,102900011026618,艾蒿,花叶类,10.512,4,0,2.2e-05,196,198520.978,5.3e-05,79
1085,0.009217,0.0,0.135518,14.703716,0.0,0.0,0.0,0.0,0.0,3.0,16.877239,311.393991,1079,6,0.99447,102900011032114,荸荠(份),水生根茎类,10.0,6,0,2.1e-05,197,40581.353,0.000246,18
1085,0.009217,0.0,0.14851,16.113327,0.0,0.0,0.0,0.0,0.0,3.0,17.871896,335.777031,1080,5,0.995392,102900011026793,杏鲍菇(250克),食用菌,10.0,5,0,2.1e-05,198,76086.725,0.000131,51
1085,0.009217,0.0,0.196622,21.333529,0.0,0.0,0.0,0.0,0.0,6.0,27.336787,807.360338,1081,4,0.996313,102900011031841,双孢菇(份),食用菌,10.0,4,0,2.1e-05,199,76086.725,0.000131,52
1085,0.008646,0.0,0.284796,32.939338,0.0,0.0,0.0,0.0,0.0,9.381,32.939338,1085.0,1084,1,0.999078,102900011034316,芝麻苋菜,花叶类,9.381,1,0,2e-05,200,198520.978,4.7e-05,80
1085,0.008571,0.0,0.081855,9.549778,0.0,0.0,0.0,0.0,0.0,1.375,12.826956,186.078627,1065,20,0.981567,102900011033173,槐花,花叶类,9.3,20,0,2e-05,201,198520.978,4.7e-05,81
1085,0.008516,0.0,0.117229,13.765527,0.0,0.0,0.0,0.0,0.0,2.509,16.459507,292.4115,1075,10,0.990783,102900011033968,西峡花菇(2),食用菌,9.24,10,0,2e-05,202,76086.725,0.000121,53
1085,0.007808,0.0,0.157987,20.233277,0.0,0.0,0.0,0.0,0.0,4.883,27.852895,842.23707,1080,5,0.995392,102900011027615,菊花油菜,花叶类,8.472,5,0,1.8e-05,203,198520.978,4.3e-05,82
1085,0.007373,0.0,0.14227,19.295385,0.0,0.0,0.0,0.0,0.0,4.0,23.594041,612.464145,1081,4,0.996313,106971563780002,鲜粽叶(袋)(2),花叶类,8.0,4,0,1.7e-05,204,198520.978,4e-05,83
1085,0.007373,0.0,0.135631,18.394955,0.0,0.0,0.0,0.0,0.0,3.0,20.58,442.03682,1081,4,0.996313,102900011034705,菌菇火锅套餐(份),食用菌,8.0,4,0,1.7e-05,205,76086.725,0.000105,54
1085,0.007058,0.0,0.101163,14.332989,0.0,0.0,0.0,0.0,0.0,2.525,18.741,404.745516,1077,8,0.992627,102900011000335,紫圆茄,茄类,7.658,8,0,1.6e-05,206,22431.782,0.000341,9
1085,0.006975,0.0,0.049562,7.1055,0.0,0.0,0.0,0.0,0.0,0.746,9.141263,96.317583,1054,31,0.971429,102900011007471,薄荷叶,花叶类,7.568,31,0,1.6e-05,207,198520.978,3.8e-05,84
1085,0.006894,0.0,0.168665,24.465376,0.0,0.0,0.0,0.0,0.0,4.947,26.327419,726.358567,1083,2,0.998157,102900011008492,大芥兰,花叶类,7.48,2,0,1.6e-05,208,198520.978,3.8e-05,85
1085,0.006452,0.0,0.09089,14.08789,0.0,0.0,0.0,0.0,0.0,2.0,15.788239,277.916395,1079,6,0.99447,102900011030615,猪肚菇(盒),食用菌,7.0,6,0,1.5e-05,209,76086.725,9.2e-05,55
1085,0.006452,0.0,0.09089,14.08789,0.0,0.0,0.0,0.0,0.0,2.0,15.788239,277.916395,1079,6,0.99447,106931885000035,绣球菌,食用菌,7.0,6,0,1.5e-05,210,76086.725,9.2e-05,56
1085,0.006307,0.0,0.083324,13.211588,0.0,0.0,0.0,0.0,0.0,1.965,17.387885,346.342417,1075,10,0.990783,102900011029299,紫螺丝椒,辣椒类,6.843,10,0,1.5e-05,211,91588.629,7.5e-05,39
1085,0.006085,0.0,0.073886,12.142741,0.0,0.0,0.0,0.0,0.0,1.585,14.830077,252.700641,1075,10,0.990783,102900011021699,牛排菇,食用菌,6.602,10,0,1.4e-05,212,76086.725,8.7e-05,57
1085,0.005825,0.0,0.075551,12.970466,0.0,0.0,0.0,0.0,0.0,1.455,15.036847,245.612015,1077,8,0.992627,102900011026502,鲜粽子叶,花叶类,6.32,8,0,1.3e-05,213,198520.978,3.2e-05,86
1085,0.005538,0.0,0.067348,12.160519,0.0,0.0,0.0,0.0,0.0,1.395,14.285719,231.242351,1076,9,0.991705,102900011034323,鲜粽叶,花叶类,6.009,9,0,1.3e-05,214,198520.978,3e-05,87
1085,0.00553,0.0,0.105069,18.999984,0.0,0.0,0.0,0.0,0.0,3.0,23.745582,631.331265,1081,4,0.996313,102900011031742,灯笼椒(份),辣椒类,6.0,4,0,1.3e-05,215,91588.629,6.6e-05,40
1085,0.005341,0.0,0.053075,9.93721,0.0,0.0,0.0,0.0,0.0,1.104,13.597628,222.960088,1069,16,0.985253,102900011012871,黑皮鸡枞菌,食用菌,5.795,16,0,1.2e-05,216,76086.725,7.6e-05,58
1085,0.004608,0.0,0.067759,14.703716,0.0,0.0,0.0,0.0,0.0,1.0,14.649157,212.990411,1080,5,0.995392,102900011030561,赤松茸(盒),食用菌,5.0,5,0,1.1e-05,217,76086.725,6.6e-05,59
1085,0.004591,0.0,0.13087,28.507059,0.0,0.0,0.0,0.0,0.0,4.283,32.326427,1056.694489,1082,3,0.997235,102900011033999,圆茄子(1),茄类,4.981,3,0,1.1e-05,218,22431.782,0.000222,10
1085,0.0039,0.0,0.041796,10.715718,0.0,0.0,0.0,0.0,0.0,0.936,15.818387,296.725611,1067,18,0.98341,102900011007495,蒲公英,花叶类,4.232,18,0,9e-06,219,198520.978,2.1e-05,88
1085,0.003687,0.0,0.074306,20.15563,0.0,0.0,0.0,0.0,0.0,2.0,22.377177,540.216752,1082,3,0.997235,102900011030622,黑牛肝菌(盒),食用菌,4.0,3,0,8e-06,220,76086.725,5.3e-05,60
1085,0.003687,0.0,0.074306,20.15563,0.0,0.0,0.0,0.0,0.0,2.0,22.377177,540.216752,1082,3,0.997235,102900011030639,黑皮鸡枞菌(盒),食用菌,4.0,3,0,8e-06,221,76086.725,5.3e-05,61
1085,0.003124,0.0,0.031955,10.227614,0.0,0.0,0.0,0.0,0.0,0.649,13.340329,212.661821,1071,14,0.987097,102900011015384,马兰头,花叶类,3.39,14,0,7e-06,222,198520.978,1.7e-05,89
1085,0.002765,0.0,0.091077,32.939338,0.0,0.0,0.0,0.0,0.0,3.0,32.939338,1085.0,1084,1,0.999078,102900011030400,洪山菜薹珍品手提袋,花叶类,3.0,1,0,6e-06,223,198520.978,1.5e-05,90
1085,0.002765,0.0,0.052535,18.999984,0.0,0.0,0.0,0.0,0.0,1.0,18.964799,358.324098,1082,3,0.997235,102900011030417,洪山菜薹莲藕拼装礼盒,花叶类,3.0,3,0,6e-06,224,198520.978,1.5e-05,91
1085,0.002765,0.0,0.052535,18.999984,0.0,0.0,0.0,0.0,0.0,1.0,18.964799,358.324098,1082,3,0.997235,102900011008577,猴头菇,食用菌,3.0,3,0,6e-06,225,76086.725,3.9e-05,62
1085,0.002765,0.0,0.052535,18.999984,0.0,0.0,0.0,0.0,0.0,1.0,18.964799,358.324098,1082,3,0.997235,102900011034538,花菇(一人份),食用菌,3.0,3,0,6e-06,226,76086.725,3.9e-05,63
1085,0.002765,0.0,0.067859,24.542472,0.0,0.0,0.0,0.0,0.0,2.0,26.49606,736.324063,1083,2,0.998157,102900011036266,鹿茸菇(盒),食用菌,3.0,2,0,6e-06,227,76086.725,3.9e-05,64
1085,0.00266,0.0,0.069237,26.030013,0.0,0.0,0.0,0.0,0.0,2.164,29.150128,888.652091,1083,2,0.998157,102900011029688,双沟白菜,花叶类,2.886,2,0,6e-06,228,198520.978,1.5e-05,92
1085,0.002201,0.0,0.045094,20.488587,0.0,0.0,0.0,0.0,0.0,1.165,22.330142,522.370872,1082,3,0.997235,102900011021675,赤松茸,食用菌,2.388,3,0,5e-06,229,76086.725,3.1e-05,65
1085,0.00205,0.0,0.019277,9.404448,0.0,0.0,0.0,0.0,0.0,0.307,10.40471,117.293509,1071,14,0.987097,102900011032480,白蒿,花叶类,2.224,14,0,5e-06,230,198520.978,1.1e-05,93
1085,0.001843,0.0,0.042914,23.280884,0.0,0.0,0.0,0.0,0.0,1.0,23.259347,539.992608,1083,2,0.998157,106931885000356,绣球菌(袋),食用菌,2.0,2,0,4e-06,231,76086.725,2.6e-05,66
1085,0.001675,0.0,0.02531,15.11361,0.0,0.0,0.0,0.0,0.0,0.496,15.84857,260.991348,1080,5,0.995392,102900005116905,青杭椒(1),辣椒类,1.817,5,0,4e-06,232,91588.629,2e-05,41
1085,0.001644,0.0,0.027031,16.439911,0.0,0.0,0.0,0.0,0.0,0.67,19.912333,432.726989,1079,6,0.99447,102900005128748,黄花菜,花叶类,1.784,6,0,4e-06,233,198520.978,9e-06,94
1085,0.001617,0.0,0.04462,27.601099,0.0,0.0,0.0,0.0,0.0,1.435,30.971984,987.280433,1083,2,0.998157,102900011029275,紫尖椒,辣椒类,1.754,2,0,4e-06,234,91588.629,1.9e-05,42
1085,0.00112,0.0,0.023323,20.827557,0.0,0.0,0.0,0.0,0.0,0.584,22.449012,518.757081,1082,3,0.997235,102900011010563,鸡枞菌,食用菌,1.215,3,0,3e-06,235,76086.725,1.6e-05,67
1085,0.001063,0.0,0.035004,32.939338,0.0,0.0,0.0,0.0,0.0,1.153,32.939338,1085.0,1084,1,0.999078,102900011033586,绿牛油,花叶类,1.153,1,0,2e-06,236,198520.978,6e-06,95
1085,0.000999,0.0,0.021593,21.612871,0.0,0.0,0.0,0.0,0.0,0.638,25.736523,720.28856,1082,3,0.997235,102900011011058,黑牛肝菌,食用菌,1.084,3,0,2e-06,237,76086.725,1.4e-05,68
1085,0.000922,0.0,0.030359,32.939338,0.0,0.0,0.0,0.0,0.0,1.0,32.939338,1085.0,1084,1,0.999078,102900011023075,活体银耳,食用菌,1.0,1,0,2e-06,238,76086.725,1.3e-05,69
1085,0.000922,0.0,0.030359,32.939338,0.0,0.0,0.0,0.0,0.0,1.0,32.939338,1085.0,1084,1,0.999078,102900011031858,金针菇(份),食用菌,1.0,1,0,2e-06,239,76086.725,1.3e-05,70
1085,0.000922,0.0,0.030359,32.939338,0.0,0.0,0.0,0.0,0.0,1.0,32.939338,1085.0,1084,1,0.999078,106973223300667,虫草花(盒)(2),食用菌,1.0,1,0,2e-06,240,76086.725,1.3e-05,71
1085,0.000869,0.0,0.028628,32.939338,0.0,0.0,0.0,0.0,0.0,0.943,32.939338,1085.0,1084,1,0.999078,102900011015391,甘蓝叶,花叶类,0.943,1,0,2e-06,241,198520.978,5e-06,96
1085,0.000629,0.0,0.020705,32.939338,0.0,0.0,0.0,0.0,0.0,0.682,32.939338,1085.0,1084,1,0.999078,102900011033531,红珊瑚(粗叶),花叶类,0.682,1,0,1e-06,242,198520.978,3e-06,97
1085,0.000618,0.0,0.020371,32.939338,0.0,0.0,0.0,0.0,0.0,0.671,32.939338,1085.0,1084,1,0.999078,102900051000890,芥兰,花叶类,0.671,1,0,1e-06,243,198520.978,3e-06,98
1085,0.000567,0.0,0.013884,24.494926,0.0,0.0,0.0,0.0,0.0,0.408,26.392465,730.206049,1083,2,0.998157,102900011033913,紫白菜(2),花菜类,0.615,2,0,1e-06,244,41766.451,1.5e-05,5
1085,0.000386,0.0,0.01272,32.939338,0.0,0.0,0.0,0.0,0.0,0.419,32.939338,1085.0,1084,1,0.999078,102900011033562,红橡叶,花叶类,0.419,1,0,1e-06,245,198520.978,2e-06,99
1085,0.000382,0.0,0.012599,32.939338,0.0,0.0,0.0,0.0,0.0,0.415,32.939338,1085.0,1084,1,0.999078,102900011009772,水果辣椒(橙色),辣椒类,0.415,1,0,1e-06,246,91588.629,5e-06,43
