口径,品类,需求模型,折组,训练截止日,测试开始日,测试结束日,训练样本数,测试样本数,使用最大日期,是否伪未来,泄漏检查,加权绝对百分比误差,平均绝对误差,均方根误差,平均绝对尺度误差,百分之十分位损失,百分之五十分位损失,百分之九十分位损失,百分之八十区间覆盖率,百分之八十区间平均宽度,百分之九十区间覆盖率,百分之九十区间平均宽度
正常销售,花叶类,同星期最近4次均值,八折主要回测,2021-06-30,2021-07-01,2021-07-07,363,7,2021-06-30,是,通过,0.12857216236068034,21.610133537806664,27.934043047274063,0.5376973127083791,5.548584464907655,10.805066768903332,4.359960752427918,0.8571428571428571,87.10114997153468,1.0,116.16182759622596
正常销售,花叶类,同星期最近8次中位数,八折主要回测,2021-06-30,2021-07-01,2021-07-07,363,7,2021-06-30,是,通过,0.09562532669808634,16.072499999999998,19.177517215106715,0.39991146021314966,4.772659460947849,8.036249999999999,4.58449828452052,1.0,93.5715774546837,1.0,122.3619762399862
正常销售,花叶类,近7日均值,八折主要回测,2021-06-30,2021-07-01,2021-07-07,363,7,2021-06-30,是,通过,0.1526214466934966,25.652285714285707,31.00380375741936,0.6382730152623997,3.7693311580522773,12.826142857142854,9.602428702497702,1.0,133.7175986054998,1.0,166.94612768459777
正常销售,花叶类,近14日均值,八折主要回测,2021-06-30,2021-07-01,2021-07-07,363,7,2021-06-30,是,通过,0.1526214466934968,25.652285714285743,31.003803757419416,0.6382730152624005,3.769331158052271,12.826142857142871,9.602428702497713,1.0,133.7175986054999,1.0,166.94612768459794
正常销售,花叶类,星期加月份对数回归,八折主要回测,2021-06-30,2021-07-01,2021-07-07,363,7,2021-06-30,是,通过,0.17845962994814496,29.99511218819146,34.186316919546655,0.7463300117863986,2.5353177696951668,14.99755609409573,8.586567490466392,0.8571428571428571,98.43101536284841,1.0,141.72975922950656
正常销售,花叶类,星期加月份及趋势对数回归,八折主要回测,2021-06-30,2021-07-01,2021-07-07,363,7,2021-06-30,是,通过,0.47965915639271406,80.62008316543798,81.98533895334413,2.0059664135135087,9.905322479314291,40.31004158271899,51.48564123416911,0.0,41.846956755177246,0.0,60.092863407119275
正常销售,花叶类,同星期最近4次均值,八折主要回测,2022-06-30,2022-07-01,2022-07-07,727,7,2022-06-30,是,通过,0.14897189210082076,22.964017167341524,25.761053739640793,0.6223589410293128,8.623923686142556,11.482008583670762,4.551769834346593,1.0,131.75693520489148,1.0,165.82901538627308
正常销售,花叶类,同星期最近8次中位数,八折主要回测,2022-06-30,2022-07-01,2022-07-07,727,7,2022-06-30,是,通过,0.24380566238821189,37.582642857142865,40.70356447316904,1.0185453894764736,9.612407689743103,18.791321428571433,4.592824613530041,0.7142857142857143,115.56989333112064,1.0,143.98691471077169
正常销售,花叶类,近7日均值,八折主要回测,2022-06-30,2022-07-01,2022-07-07,727,7,2022-06-30,是,通过,0.15254436773087424,23.514714285714266,26.833719413667364,0.6372836501044206,7.783880705981682,11.757357142857133,8.831657942904805,1.0,166.15538648886488,1.0,204.6975472956447
正常销售,花叶类,近14日均值,八折主要回测,2022-06-30,2022-07-01,2022-07-07,727,7,2022-06-30,是,通过,0.1525443677308743,23.514714285714273,26.833719413667364,0.6372836501044208,7.783880705981682,11.757357142857137,8.831657942904808,1.0,166.1553864888649,1.0,204.6975472956448
正常销售,花叶类,星期加月份对数回归,八折主要回测,2022-06-30,2022-07-01,2022-07-07,727,7,2022-06-30,是,通过,0.2998404684785069,46.220408215961854,49.49771889285343,1.2526416480883813,3.942152764417087,23.110204107980927,15.924818728727773,1.0,198.66971493144862,1.0,258.89650423961893
正常销售,花叶类,星期加月份及趋势对数回归,八折主要回测,2022-06-30,2022-07-01,2022-07-07,727,7,2022-06-30,是,通过,0.4175828096635132,64.37039010963056,66.34780680581862,1.7445330897612816,8.987804910846569,32.18519505481528,20.519286991900596,0.14285714285714285,67.69902065932453,0.2857142857142857,92.04906382484198
正常销售,花菜类,同星期最近4次均值,八折主要回测,2021-06-30,2021-07-01,2021-07-07,363,7,2021-06-30,是,通过,0.22773426538672817,9.910084292568865,12.064481959368232,0.5661421345182741,1.969236021376817,4.955042146284432,1.3917608274102276,1.0,33.60996848787045,1.0,49.232680939977556
正常销售,花菜类,同星期最近8次中位数,八折主要回测,2021-06-30,2021-07-01,2021-07-07,363,7,2021-06-30,是,通过,0.2507205888146231,10.91035714285714,13.964445908653673,0.6232856047294734,1.9857718724879696,5.45517857142857,2.260839952824381,0.8571428571428571,35.11612277798388,1.0,47.557623754148665
正常销售,花菜类,近7日均值,八折主要回测,2021-06-30,2021-07-01,2021-07-07,363,7,2021-06-30,是,通过,0.2122667524588657,9.237,12.118008529221528,0.5276902539029497,1.8865580198467364,4.6185,2.8251921604133186,0.8571428571428571,46.04556780770935,1.0,61.46058521822869
正常销售,花菜类,近14日均值,八折主要回测,2021-06-30,2021-07-01,2021-07-07,363,7,2021-06-30,是,通过,0.21226675245886575,9.237000000000004,12.11800852922153,0.5276902539029499,1.8865580198467362,4.618500000000002,2.8251921604133168,0.8571428571428571,46.04556780770934,1.0,61.46058521822868
正常销售,花菜类,星期加月份对数回归,八折主要回测,2021-06-30,2021-07-01,2021-07-07,363,7,2021-06-30,是,通过,0.2847081741791172,12.389360907578466,14.543900567028842,0.7077779585379842,2.002000627781982,6.194680453789233,3.0271976713037185,0.8571428571428571,41.04674005464254,0.8571428571428571,53.11967363173575
正常销售,花菜类,星期加月份及趋势对数回归,八折主要回测,2021-06-30,2021-07-01,2021-07-07,363,7,2021-06-30,是,通过,0.4357005441904319,18.959944880990836,22.506203320941566,1.0831415100396218,2.698621233357513,9.479972440495418,7.259481202521976,0.42857142857142855,21.363031719304814,0.42857142857142855,26.344311016754176
正常销售,花菜类,同星期最近4次均值,八折主要回测,2022-06-30,2022-07-01,2022-07-07,725,7,2022-06-30,是,通过,0.4345897684903981,17.299094071770863,19.526060836752013,1.1003004687450235,3.22164607853471,8.649547035885432,3.1470108322955683,0.5714285714285714,34.598944178889866,0.7142857142857143,45.63447506240309
正常销售,花菜类,同星期最近8次中位数,八折主要回测,2022-06-30,2022-07-01,2022-07-07,725,7,2022-06-30,是,通过,0.3994487490982956,15.900285714285713,17.934097322857216,1.0113299431764664,3.167585303665438,7.950142857142857,2.2481206823447644,0.7142857142857143,36.70368091315857,0.8571428571428571,48.671161330771916
正常销售,花菜类,近7日均值,八折主要回测,2022-06-30,2022-07-01,2022-07-07,725,7,2022-06-30,是,通过,0.2749758648286851,10.945571428571427,13.276123955647376,0.6961877496921678,2.9809028527623065,5.472785714285713,2.1630398043573873,1.0,51.43942657119693,1.0,69.41049427013297
正常销售,花菜类,近14日均值,八折主要回测,2022-06-30,2022-07-01,2022-07-07,725,7,2022-06-30,是,通过,0.2749758648286852,10.94557142857143,13.276123955647382,0.696187749692168,2.9809028527623065,5.472785714285715,2.163039804357387,1.0,51.439426571196925,1.0,69.41049427013296
正常销售,花菜类,星期加月份对数回归,八折主要回测,2022-06-30,2022-07-01,2022-07-07,725,7,2022-06-30,是,通过,0.4169065889184432,16.595205004235158,18.015400081889847,1.055529946789318,1.7925102215554098,8.297602502117579,7.726229024355823,1.0,95.18739245911233,1.0,130.84790792357344
正常销售,花菜类,星期加月份及趋势对数回归,八折主要回测,2022-06-30,2022-07-01,2022-07-07,725,7,2022-06-30,是,通过,0.6526091401191078,25.977479741949725,27.49132710861393,1.6522849704323082,3.287060276287151,12.988739870974863,12.605154214354545,0.0,18.864875858033127,0.14285714285714285,25.645202349133125
正常销售,水生根茎类,同星期最近4次均值,八折主要回测,2021-06-30,2021-07-01,2021-07-07,363,7,2021-06-30,是,通过,0.45908481599524015,6.845938359666164,9.152968231388671,0.48733704756028035,1.2080932535806341,3.422969179833082,0.771347279727875,0.8571428571428571,18.745353579542446,1.0,23.74834251047609
正常销售,水生根茎类,同星期最近8次中位数,八折主要回测,2021-06-30,2021-07-01,2021-07-07,363,7,2021-06-30,是,通过,0.42351870479475007,6.315571428571427,8.900111692718083,0.44958218610167966,1.1927545665000938,3.1577857142857133,0.9704896141617189,1.0,21.63244180661813,1.0,26.16167187574923
正常销售,水生根茎类,近7日均值,八折主要回测,2021-06-30,2021-07-01,2021-07-07,363,7,2021-06-30,是,通过,0.6664463284954734,9.938142857142855,10.774370614697505,0.7074596561907203,0.7148684155429998,4.969071428571428,5.176365115120366,0.8571428571428571,58.58719764567655,1.0,73.61514459685691
正常销售,水生根茎类,近14日均值,八折主要回测,2021-06-30,2021-07-01,2021-07-07,363,7,2021-06-30,是,通过,0.6664463284954734,9.938142857142855,10.774370614697508,0.7074596561907203,0.7148684155429998,4.969071428571428,5.176365115120366,0.8571428571428571,58.58719764567654,1.0,73.61514459685692
正常销售,水生根茎类,星期加月份对数回归,八折主要回测,2021-06-30,2021-07-01,2021-07-07,363,7,2021-06-30,是,通过,0.37531413692833815,5.596738026180654,8.318021347993643,0.3984110931697368,0.9584706215371511,2.798369013090327,1.8677946354849706,0.5714285714285714,10.967498597348008,0.7142857142857143,13.367122318082314
正常销售,水生根茎类,星期加月份及趋势对数回归,八折主要回测,2021-06-30,2021-07-01,2021-07-07,363,7,2021-06-30,是,通过,0.3670439626641172,5.473412006099125,8.187484126041095,0.38963196964329844,0.9493525190258982,2.7367060030495627,1.7578371930067156,0.5714285714285714,11.153333475149568,0.7142857142857143,13.608482341364864
正常销售,水生根茎类,同星期最近4次均值,八折主要回测,2022-06-30,2022-07-01,2022-07-07,727,7,2022-06-30,是,通过,0.7269101730126939,25.38339170867198,29.361796180959818,1.7739369341676228,3.2594597772724794,12.69169585433599,12.544597057887383,0.2857142857142857,21.864867504451684,0.2857142857142857,27.26258240423002
正常销售,水生根茎类,同星期最近8次中位数,八折主要回测,2022-06-30,2022-07-01,2022-07-07,727,7,2022-06-30,是,通过,0.8068766185152002,28.175785714285716,31.810722389852852,1.9690854359186378,3.3304792098598246,14.087892857142858,16.6153530760179,0.14285714285714285,15.618170671535767,0.14285714285714285,19.515771411045357
正常销售,水生根茎类,近7日均值,八折主要回测,2022-06-30,2022-07-01,2022-07-07,727,7,2022-06-30,是,通过,0.44816864877248536,15.649857142857144,20.15914938327366,1.0937017368989628,2.979959253885897,7.824928571428572,3.0857975683973473,0.8571428571428571,54.309077847682765,1.0,68.29067808510807
正常销售,水生根茎类,近14日均值,八折主要回测,2022-06-30,2022-07-01,2022-07-07,727,7,2022-06-30,是,通过,0.44816864877248536,15.649857142857144,20.15914938327366,1.0937017368989628,2.979959253885897,7.824928571428572,3.0857975683973473,0.8571428571428571,54.30907784768276,1.0,68.29067808510807
正常销售,水生根茎类,星期加月份对数回归,八折主要回测,2022-06-30,2022-07-01,2022-07-07,727,7,2022-06-30,是,通过,0.6014447808690975,21.00219398589994,25.488866496126146,1.4677537201386957,2.9365494913714616,10.50109699294997,9.38862947217068,0.42857142857142855,24.107382750912727,0.42857142857142855,31.445311484683106
正常销售,水生根茎类,星期加月份及趋势对数回归,八折主要回测,2022-06-30,2022-07-01,2022-07-07,727,7,2022-06-30,是,通过,0.764486629769947,26.695545474439506,30.41623296288941,1.8656377618236415,3.15065298008959,13.347772737219753,16.09449136082574,0.14285714285714285,14.046182197753051,0.2857142857142857,19.450132034087193
正常销售,茄类,同星期最近4次均值,八折主要回测,2021-06-30,2021-07-01,2021-07-07,362,7,2021-06-30,是,通过,0.38011043456176524,14.724283602128446,16.934370545687422,1.9022826059089126,2.4520486253941978,7.362141801064223,2.97481308104927,0.7142857142857143,29.471392898303865,0.8571428571428571,40.32871491339919
正常销售,茄类,同星期最近8次中位数,八折主要回测,2021-06-30,2021-07-01,2021-07-07,362,7,2021-06-30,是,通过,0.3585326636130965,13.888428571428573,15.671240041189192,1.7942955194789836,2.391268378127283,6.944214285714287,1.8652881546443825,0.7142857142857143,30.59296236438994,1.0,41.196417278921054
正常销售,茄类,近7日均值,八折主要回测,2021-06-30,2021-07-01,2021-07-07,362,7,2021-06-30,是,通过,0.46197236318749074,17.895357436741943,20.12991845621987,2.3119649212350137,2.6695057381939344,8.947678718370971,4.064456718341602,0.42857142857142855,27.047898109266672,0.7142857142857143,37.85234934702322
正常销售,茄类,近14日均值,八折主要回测,2021-06-30,2021-07-01,2021-07-07,362,7,2021-06-30,是,通过,0.46197236318749074,17.895357436741943,20.12991845621987,2.3119649212350137,2.6695057381939344,8.947678718370971,4.064456718341599,0.42857142857142855,27.047898109266676,0.7142857142857143,37.85234934702323
正常销售,茄类,星期加月份对数回归,八折主要回测,2021-06-30,2021-07-01,2021-07-07,362,7,2021-06-30,是,通过,0.26742837598223357,10.359334796370067,10.885866933349442,1.3383593337656916,0.9717867971979318,5.179667398185034,2.168927525806373,1.0,31.407143230043054,1.0,39.67904850855768
正常销售,茄类,星期加月份及趋势对数回归,八折主要回测,2021-06-30,2021-07-01,2021-07-07,362,7,2021-06-30,是,通过,0.6075612626804694,23.53501383798724,25.204253728764836,3.0405722046373103,2.829119736778807,11.76750691899362,15.386544615998393,0.0,11.195036683345409,0.0,14.045330096191933
正常销售,茄类,同星期最近4次均值,八折主要回测,2022-06-30,2022-07-01,2022-07-07,726,7,2022-06-30,是,通过,0.4962301713233137,10.348100432678487,11.527402471542418,1.2721115768666853,1.0694658820105223,5.174050216339244,3.520710228609952,0.8571428571428571,42.08016459251597,1.0,53.58261660206025
正常销售,茄类,同星期最近8次中位数,八折主要回测,2022-06-30,2022-07-01,2022-07-07,726,7,2022-06-30,是,通过,0.5015139682409194,10.458285714285712,11.79277503692106,1.2856568621337499,0.8441526598754736,5.229142857142856,3.7681324569769137,0.8571428571428571,43.91886543748831,1.0,56.10328175210094
正常销售,茄类,近7日均值,八折主要回测,2022-06-30,2022-07-01,2022-07-07,726,7,2022-06-30,是,通过,0.3746351908091397,7.812428191881909,10.151440316890575,0.9603965878557126,1.201870051159323,3.9062140959409546,2.3284806910301854,0.7142857142857143,28.72514934891148,1.0,41.6188750304756
正常销售,茄类,近14日均值,八折主要回测,2022-06-30,2022-07-01,2022-07-07,726,7,2022-06-30,是,通过,0.37463519080913993,7.812428191881914,10.151440316890575,0.9603965878557131,1.2018700511593232,3.906214095940957,2.3284806910301845,0.7142857142857143,28.72514934891149,1.0,41.618875030475614
正常销售,茄类,星期加月份对数回归,八折主要回测,2022-06-30,2022-07-01,2022-07-07,726,7,2022-06-30,是,通过,0.8576335726375036,17.88460044745528,18.50079813709412,2.198587791532873,3.2646130434770098,8.94230022372764,3.8302905110397214,0.14285714285714285,36.78129071470877,0.5714285714285714,47.45157947928666
正常销售,茄类,星期加月份及趋势对数回归,八折主要回测,2022-06-30,2022-07-01,2022-07-07,726,7,2022-06-30,是,通过,0.3566062990506372,7.43646398537396,7.8993814580139645,0.9141785961868334,1.156091995000574,3.71823199268698,1.9009353060437237,0.8571428571428571,23.618741824742177,0.8571428571428571,32.917876149386515
正常销售,辣椒类,同星期最近4次均值,八折主要回测,2021-06-30,2021-07-01,2021-07-07,363,7,2021-06-30,是,通过,0.08725869408719307,4.685467768761373,7.463723132725232,0.2164372562108004,1.4409882602703836,2.3427338843806864,3.2235968484985347,1.0,46.64585108768919,1.0,69.68643859406554
正常销售,辣椒类,同星期最近8次中位数,八折主要回测,2021-06-30,2021-07-01,2021-07-07,363,7,2021-06-30,是,通过,0.23332153860070123,12.528499999999998,15.911647724903558,0.578732860466106,1.869345739201197,6.264249999999999,4.526743928278921,0.8571428571428571,51.739144407502636,0.8571428571428571,80.02333679833906
正常销售,辣椒类,近7日均值,八折主要回测,2021-06-30,2021-07-01,2021-07-07,363,7,2021-06-30,是,通过,0.26155041317037053,14.044285714285694,15.428363416587159,0.6487520169718505,1.7485188858061718,7.022142857142847,5.007376562620512,0.8571428571428571,60.78261067168017,1.0,83.83697356659341
正常销售,辣椒类,近14日均值,八折主要回测,2021-06-30,2021-07-01,2021-07-07,363,7,2021-06-30,是,通过,0.26155041317037053,14.044285714285694,15.428363416587159,0.6487520169718505,1.7485188858061715,7.022142857142847,5.007376562620512,0.8571428571428571,60.782610671680175,1.0,83.83697356659339
正常销售,辣椒类,星期加月份对数回归,八折主要回测,2021-06-30,2021-07-01,2021-07-07,363,7,2021-06-30,是,通过,0.2661313151952944,14.290263138245157,16.517570268888377,0.6601145279011831,2.656278039734867,7.1451315691225785,3.944766653647615,0.7142857142857143,41.299417576380186,0.7142857142857143,53.58059752175101
正常销售,辣椒类,星期加月份及趋势对数回归,八折主要回测,2021-06-30,2021-07-01,2021-07-07,363,7,2021-06-30,是,通过,0.7354595832859083,39.491447915429646,40.40018040401836,1.824240620668463,4.279229534722796,19.745723957714823,31.233432677960362,0.0,8.088481260605326,0.0,11.378095279699554
正常销售,辣椒类,同星期最近4次均值,八折主要回测,2022-06-30,2022-07-01,2022-07-07,727,7,2022-06-30,是,通过,0.2658668929538476,12.471360176648501,14.072161647728983,0.5992206341531804,2.425860398273161,6.2356800883242505,2.255561950569778,0.7142857142857143,38.62056171783358,1.0,53.37655357881145
正常销售,辣椒类,同星期最近8次中位数,八折主要回测,2022-06-30,2022-07-01,2022-07-07,727,7,2022-06-30,是,通过,0.1844541628344672,8.65242857142857,10.288385761208051,0.4157296126563993,2.0970229491613894,4.326214285714285,2.3102261137809164,1.0,44.072490629423065,1.0,60.437985570392655
正常销售,辣椒类,近7日均值,八折主要回测,2022-06-30,2022-07-01,2022-07-07,727,7,2022-06-30,是,通过,0.2341864672095703,10.985285714285727,14.928980239788665,0.5278181191810586,2.4624353261113088,5.492642857142863,4.778941496893905,0.8571428571428571,62.273543073960916,0.8571428571428571,88.73445173701055
正常销售,辣椒类,近14日均值,八折主要回测,2022-06-30,2022-07-01,2022-07-07,727,7,2022-06-30,是,通过,0.2341864672095703,10.985285714285727,14.928980239788665,0.5278181191810586,2.4624353261113088,5.492642857142863,4.778941496893909,0.8571428571428571,62.27354307396093,0.8571428571428571,88.73445173701056
正常销售,辣椒类,星期加月份对数回归,八折主要回测,2022-06-30,2022-07-01,2022-07-07,727,7,2022-06-30,是,通过,0.33315512623936344,15.62773584881499,18.16680167116852,0.7508773424120506,2.3390429183539245,7.813867924407495,4.653651504443698,0.8571428571428571,54.05292440054233,0.8571428571428571,71.7923396995507
正常销售,辣椒类,星期加月份及趋势对数回归,八折主要回测,2022-06-30,2022-07-01,2022-07-07,727,7,2022-06-30,是,通过,0.21970023775094213,10.305761523917695,10.904501415887164,0.49516851957786734,1.9789498645145163,5.152880761958848,1.1176042175464234,0.7142857142857143,30.24419836853147,1.0,40.46409002247249
正常销售,食用菌,同星期最近4次均值,八折主要回测,2021-06-30,2021-07-01,2021-07-07,363,7,2021-06-30,是,通过,0.2548029458418821,9.946451393462878,12.261960421486897,0.39047405965006293,2.2619618347216504,4.973225696731439,2.0413890579276437,1.0,43.03350892649295,1.0,55.326800548320115
正常销售,食用菌,同星期最近8次中位数,八折主要回测,2021-06-30,2021-07-01,2021-07-07,363,7,2021-06-30,是,通过,0.19214019344851435,7.500357142857143,9.943862922497903,0.2944462086570499,2.0108656550099027,3.7501785714285716,2.959190919979128,1.0,49.700565749890316,1.0,63.42738972348226
正常销售,食用菌,近7日均值,八折主要回测,2021-06-30,2021-07-01,2021-07-07,363,7,2021-06-30,是,通过,0.6093555009862729,23.786714285714293,26.092231720243056,0.9338099112396443,1.813797498084313,11.893357142857147,8.982795859865623,0.7142857142857143,96.44805998259788,0.8571428571428571,125.10547064482843
正常销售,食用菌,近14日均值,八折主要回测,2021-06-30,2021-07-01,2021-07-07,363,7,2021-06-30,是,通过,0.6093555009862726,23.786714285714282,26.092231720243035,0.9338099112396439,1.8137974980843106,11.893357142857141,8.982795859865622,0.7142857142857143,96.44805998259788,0.8571428571428571,125.1054706448284
正常销售,食用菌,星期加月份对数回归,八折主要回测,2021-06-30,2021-07-01,2021-07-07,363,7,2021-06-30,是,通过,0.3013963432426944,11.765264598201355,13.452619972352116,0.4618763465265805,2.022452940673555,5.882632299100678,3.1815923245184226,0.42857142857142855,34.42511373320907,0.8571428571428571,48.22973459144212
正常销售,食用菌,星期加月份及趋势对数回归,八折主要回测,2021-06-30,2021-07-01,2021-07-07,363,7,2021-06-30,是,通过,0.7865152610156734,30.70229736968483,32.50852457955723,1.2052992791382333,3.2912845504682298,15.351148684842414,24.560662061781493,0.0,5.623220991591752,0.0,7.8154653132392395
正常销售,食用菌,同星期最近4次均值,八折主要回测,2022-06-30,2022-07-01,2022-07-07,727,7,2022-06-30,是,通过,0.2097621839604996,5.8133192002550045,7.954436033085956,0.27750225512127386,1.4482268556458926,2.9066596001275022,3.0052211597461898,1.0,44.53448015392083,1.0,58.14427851684092
正常销售,食用菌,同星期最近8次中位数,八折主要回测,2022-06-30,2022-07-01,2022-07-07,727,7,2022-06-30,是,通过,0.2206322778187292,6.11457142857143,8.028425815278396,0.2918827097012408,1.3470186038412313,3.057285714285715,3.426602236387272,1.0,47.73620840228505,1.0,64.23218892146475
正常销售,食用菌,近7日均值,八折主要回测,2022-06-30,2022-07-01,2022-07-07,727,7,2022-06-30,是,通过,0.6523863771089248,18.080142857142867,19.18724272977827,0.8630663899467023,1.047272314295577,9.040071428571434,8.164761242220498,0.7142857142857143,86.88438787270137,1.0,116.55186880498297
正常销售,食用菌,近14日均值,八折主要回测,2022-06-30,2022-07-01,2022-07-07,727,7,2022-06-30,是,通过,0.6523863771089246,18.08014285714286,19.187242729778262,0.8630663899467019,1.0472723142955762,9.04007142857143,8.164761242220496,0.7142857142857143,86.88438787270131,1.0,116.55186880498296
正常销售,食用菌,星期加月份对数回归,八折主要回测,2022-06-30,2022-07-01,2022-07-07,727,7,2022-06-30,是,通过,0.7194486152499509,19.93869614466353,22.135463468578163,0.9517855382995775,1.0355812343555013,9.969348072331766,5.261575656748792,0.42857142857142855,55.497740074891006,1.0,74.77365233952284
正常销售,食用菌,星期加月份及趋势对数回归,八折主要回测,2022-06-30,2022-07-01,2022-07-07,727,7,2022-06-30,是,通过,0.3349222098109905,9.281986276671818,11.290195938301963,0.4430811443603781,1.568765663083965,4.640993138335909,2.421087238502774,0.7142857142857143,16.595067115849442,0.8571428571428571,22.499751560725127
全量净需求,花叶类,同星期最近4次均值,八折主要回测,2021-06-30,2021-07-01,2021-07-07,363,7,2021-06-30,是,通过,0.1293221630204107,21.746149848102448,27.995243021282892,0.5437802591238026,5.65332032973088,10.873074924051224,4.413121257266642,0.8571428571428571,86.76013270917338,1.0,116.11769075871374
全量净需求,花叶类,同星期最近8次中位数,八折主要回测,2021-06-30,2021-07-01,2021-07-07,363,7,2021-06-30,是,通过,0.08716667629497975,14.657499999999995,18.452725049433756,0.3665227731704713,4.829801993890536,7.328749999999998,4.761872631004385,1.0,95.91674624894924,1.0,132.85195942150253
全量净需求,花叶类,近7日均值,八折主要回测,2021-06-30,2021-07-01,2021-07-07,363,7,2021-06-30,是,通过,0.16544613638448882,27.820571428571384,34.550886418234036,0.6956761378944001,3.6026251191970218,13.910285714285692,9.877987346853553,1.0,134.80612466050573,1.0,166.7958038614141
全量净需求,花叶类,近14日均值,八折主要回测,2021-06-30,2021-07-01,2021-07-07,363,7,2021-06-30,是,通过,0.1654461363844891,27.820571428571434,34.550886418234114,0.6956761378944013,3.602625119197014,13.910285714285717,9.87798734685357,1.0,134.80612466050584,1.0,166.79580386141427
全量净需求,花叶类,星期加月份对数回归,八折主要回测,2021-06-30,2021-07-01,2021-07-07,363,7,2021-06-30,是,通过,0.2850679513519607,47.93556063559591,51.315768304329985,1.1986678913620945,7.561214307810752,23.967780317797956,11.078059255631315,0.2857142857142857,108.21779371266793,0.8571428571428571,150.61352016374207
全量净需求,花叶类,星期加月份及趋势对数回归,八折主要回测,2021-06-30,2021-07-01,2021-07-07,363,7,2021-06-30,是,通过,0.42826555301110053,72.01493288578834,73.41917588403949,1.8007922845631605,9.229634059305226,36.00746644289417,41.467925635541576,0.0,46.220867664672724,0.0,65.07068785260697
全量净需求,花叶类,同星期最近4次均值,八折主要回测,2022-06-30,2022-07-01,2022-07-07,727,7,2022-06-30,是,通过,0.15557711972028723,24.047911000009872,26.98544898056796,0.6539544365370621,8.23458822747794,12.023955500004936,4.405172445823148,1.0,126.39760673301087,1.0,159.65344596456956
全量净需求,花叶类,同星期最近8次中位数,八折主要回测,2022-06-30,2022-07-01,2022-07-07,727,7,2022-06-30,是,通过,0.23078615090859014,35.67314285714286,38.630631623659184,0.970088837930222,9.204926414050304,17.83657142857143,4.682520203238499,0.8571428571428571,111.41016474904447,0.8571428571428571,143.709687139135
全量净需求,花叶类,近7日均值,八折主要回测,2022-06-30,2022-07-01,2022-07-07,727,7,2022-06-30,是,通过,0.1600536411073506,24.739857142857144,27.67292098527264,0.6727710917533716,6.985512522881952,12.369928571428572,9.48126738244343,1.0,164.6677990532538,1.0,207.65907405720515
全量净需求,花叶类,近14日均值,八折主要回测,2022-06-30,2022-07-01,2022-07-07,727,7,2022-06-30,是,通过,0.16005364110735049,24.739857142857126,27.67292098527262,0.6727710917533711,6.9855125228819555,12.369928571428563,9.481267382443407,1.0,164.66779905325367,1.0,207.6590740572051
全量净需求,花叶类,星期加月份对数回归,八折主要回测,2022-06-30,2022-07-01,2022-07-07,727,7,2022-06-30,是,通过,0.3819578200804664,59.040093296283594,61.73609926787675,1.6055253591320622,2.720377252228499,29.520046648141797,16.67428451712936,0.8571428571428571,192.60360310606856,1.0,259.49887039884
全量净需求,花叶类,星期加月份及趋势对数回归,八折主要回测,2022-06-30,2022-07-01,2022-07-07,727,7,2022-06-30,是,通过,0.33933081663006137,52.451139939803745,54.73995086920419,1.4263465822477002,8.029277191647358,26.225569969901873,7.993234081348989,0.14285714285714285,74.39894885430981,0.8571428571428571,103.95172424430646
全量净需求,花菜类,同星期最近4次均值,八折主要回测,2021-06-30,2021-07-01,2021-07-07,363,7,2021-06-30,是,通过,0.20715388993812509,9.014508674547452,11.676965329415783,0.4954263169053786,1.9378174959669585,4.507254337273726,1.54971393327229,1.0,34.87531429239248,1.0,50.773323214581794
全量净需求,花菜类,同星期最近8次中位数,八折主要回测,2021-06-30,2021-07-01,2021-07-07,363,7,2021-06-30,是,通过,0.22825594526807866,9.932785714285712,13.418121104099699,0.5458936943433552,1.9513206440950537,4.966392857142856,2.403973253813342,0.8571428571428571,36.737225653783426,1.0,48.86078766543964
全量净需求,花菜类,近7日均值,八折主要回测,2021-06-30,2021-07-01,2021-07-07,363,7,2021-06-30,是,通过,0.21046117684135884,9.158428571428573,12.042978481849321,0.5033359775441815,1.8926732531510948,4.579214285714286,3.1821729412792874,0.8571428571428571,49.47268683926733,1.0,63.64594896387319
全量净需求,花菜类,近14日均值,八折主要回测,2021-06-30,2021-07-01,2021-07-07,363,7,2021-06-30,是,通过,0.21046117684135884,9.158428571428573,12.04297848184932,0.5033359775441815,1.8926732531510952,4.579214285714286,3.182172941279289,0.8571428571428571,49.47268683926734,1.0,63.6459489638732
全量净需求,花菜类,星期加月份对数回归,八折主要回测,2021-06-30,2021-07-01,2021-07-07,363,7,2021-06-30,是,通过,0.3251642130034462,14.149845893057968,16.17483823980957,0.7776581385261504,2.0319538697449637,7.074922946528984,3.572929310741671,0.8571428571428571,44.73602065711175,0.8571428571428571,58.01168436711631
全量净需求,花菜类,星期加月份及趋势对数回归,八折主要回测,2021-06-30,2021-07-01,2021-07-07,363,7,2021-06-30,是,通过,0.3446733134792699,14.998803909363911,18.709298744599884,0.8243158276371839,2.379908707524087,7.4994019546819555,4.768079891807516,0.7142857142857143,25.81799964113348,0.7142857142857143,32.56956504017033
全量净需求,花菜类,同星期最近4次均值,八折主要回测,2022-06-30,2022-07-01,2022-07-07,726,7,2022-06-30,是,通过,0.45390813990620044,18.508752844875193,20.870065588536605,1.1979669619079898,3.129717973715082,9.254376422437597,3.9749000187030035,0.5714285714285714,31.939417333543645,0.7142857142857143,40.916705000395446
全量净需求,花菜类,同星期最近8次中位数,八折主要回测,2022-06-30,2022-07-01,2022-07-07,726,7,2022-06-30,是,通过,0.40875856149386014,16.667714285714286,18.887800331355233,1.0788069413513306,3.031864391844227,8.333857142857143,2.7293165463424507,0.5714285714285714,34.42631700040259,0.8571428571428571,45.01047083662019
全量净需求,花菜类,近7日均值,八折主要回测,2022-06-30,2022-07-01,2022-07-07,726,7,2022-06-30,是,通过,0.2669364312057416,10.88471432017298,13.031566667684025,0.7045060385570211,2.728669010102078,5.44235716008649,2.2877779851895674,1.0,50.16446995291646,1.0,67.95691286158946
全量净需求,花菜类,近14日均值,八折主要回测,2022-06-30,2022-07-01,2022-07-07,726,7,2022-06-30,是,通过,0.2669364312057416,10.884714320172984,13.031566667684029,0.7045060385570213,2.728669010102078,5.442357160086492,2.2877779851895674,1.0,50.16446995291646,1.0,67.95691286158944
全量净需求,花菜类,星期加月份对数回归,八折主要回测,2022-06-30,2022-07-01,2022-07-07,726,7,2022-06-30,是,通过,0.42569606712435265,17.358365274234234,19.0555641026679,1.1235088763434053,1.4139014008487354,8.679182637117117,7.194176356366137,1.0,86.08077757214873,1.0,107.4141971935226
全量净需求,花菜类,星期加月份及趋势对数回归,八折主要回测,2022-06-30,2022-07-01,2022-07-07,726,7,2022-06-30,是,通过,0.5031381434274239,20.51617656702954,22.349527683559476,1.327896153671828,2.910695949400659,10.25808828351477,6.806052145551741,0.2857142857142857,22.37115312553308,0.5714285714285714,32.32012251390336
全量净需求,水生根茎类,同星期最近4次均值,八折主要回测,2021-06-30,2021-07-01,2021-07-07,363,7,2021-06-30,是,通过,0.46782237001031785,6.976234013361004,9.270763743407743,0.4913452217322731,1.2105206500138177,3.488117006680502,0.7350362533733505,0.8571428571428571,19.424382206912146,1.0,23.538437431967072
全量净需求,水生根茎类,同星期最近8次中位数,八折主要回测,2021-06-30,2021-07-01,2021-07-07,363,7,2021-06-30,是,通过,0.42145423192987486,6.284785714285713,8.897386428047284,0.4426456200310004,1.193662732615449,3.1423928571428563,0.9598006509664971,1.0,21.53463383581946,1.0,27.388625787517306
全量净需求,水生根茎类,近7日均值,八折主要回测,2021-06-30,2021-07-01,2021-07-07,363,7,2021-06-30,是,通过,0.6854720505819802,10.221857142857145,11.22507501088523,0.7199386738967845,0.8316975773651637,5.110928571428572,5.327253976586428,0.5714285714285714,59.41929869189578,1.0,73.73223874733277
全量净需求,水生根茎类,近14日均值,八折主要回测,2021-06-30,2021-07-01,2021-07-07,363,7,2021-06-30,是,通过,0.6854720505819802,10.221857142857145,11.22507501088523,0.7199386738967845,0.8316975773651641,5.110928571428572,5.327253976586428,0.5714285714285714,59.41929869189578,1.0,73.73223874733277
全量净需求,水生根茎类,星期加月份对数回归,八折主要回测,2021-06-30,2021-07-01,2021-07-07,363,7,2021-06-30,是,通过,0.3391240055177456,5.057065616567124,7.614780551141541,0.35617569908462976,0.8872890803335903,2.528532808283562,1.3398799261842917,0.7142857142857143,11.753967771520506,0.8571428571428571,15.94378414540823
全量净需求,水生根茎类,星期加月份及趋势对数回归,八折主要回测,2021-06-30,2021-07-01,2021-07-07,363,7,2021-06-30,是,通过,0.3531055700413484,5.265560704109451,8.025506098593928,0.37086027887687495,0.9175877461159907,2.6327803520547257,1.6504009544917433,0.5714285714285714,11.117222289772792,0.8571428571428571,15.125598986537558
全量净需求,水生根茎类,同星期最近4次均值,八折主要回测,2022-06-30,2022-07-01,2022-07-07,727,7,2022-06-30,是,通过,0.6988521664805174,24.403618145428318,28.522455490620448,1.7849490864827717,3.239350129923377,12.201809072714159,13.420407331876854,0.2857142857142857,19.96941067088028,0.2857142857142857,25.18723161808941
全量净需求,水生根茎类,同星期最近8次中位数,八折主要回测,2022-06-30,2022-07-01,2022-07-07,727,7,2022-06-30,是,通过,0.8073286777370038,28.19157142857143,31.814358247720254,2.0620106153139934,3.328285070197057,14.095785714285714,18.263588959900485,0.14285714285714285,13.312269373550132,0.14285714285714285,16.238558846753012
全量净需求,水生根茎类,近7日均值,八折主要回测,2022-06-30,2022-07-01,2022-07-07,727,7,2022-06-30,是,通过,0.36947352487553026,12.901857142857141,16.566939604439405,0.9436780228176236,2.8526374132120433,6.4509285714285705,2.9250272194205342,0.8571428571428571,56.78716758373652,1.0,69.2793149048588
全量净需求,水生根茎类,近14日均值,八折主要回测,2022-06-30,2022-07-01,2022-07-07,727,7,2022-06-30,是,通过,0.36947352487553026,12.901857142857141,16.566939604439405,0.9436780228176236,2.8526374132120433,6.4509285714285705,2.9250272194205342,0.8571428571428571,56.78716758373652,1.0,69.2793149048588
全量净需求,水生根茎类,星期加月份对数回归,八折主要回测,2022-06-30,2022-07-01,2022-07-07,727,7,2022-06-30,是,通过,0.5832676021103955,20.367454693865536,24.928544139943483,1.489732769671497,2.7089325653991674,10.183727346932768,11.386551986551327,0.42857142857142855,16.919181208493658,0.42857142857142855,24.5408397319006
全量净需求,水生根茎类,星期加月份及趋势对数回归,八折主要回测,2022-06-30,2022-07-01,2022-07-07,727,7,2022-06-30,是,通过,0.6174823249125613,21.562218150664535,25.927488726034383,1.5771211203688251,2.7703154575945184,10.781109075332267,12.522831454228614,0.2857142857142857,15.261252162403183,0.42857142857142855,22.798185227815242
全量净需求,茄类,同星期最近4次均值,八折主要回测,2021-06-30,2021-07-01,2021-07-07,362,7,2021-06-30,是,通过,0.38873867055233746,15.089391304351116,17.299653628015758,1.918333696717988,2.4592624852778946,7.544695652175558,2.9326302009104817,0.7142857142857143,30.08834555867936,0.8571428571428571,40.545647687040734
全量净需求,茄类,同星期最近8次中位数,八折主要回测,2021-06-30,2021-07-01,2021-07-07,362,7,2021-06-30,是,通过,0.35984527849135484,13.967857142857142,15.742232383895603,1.7757516183147424,2.396617288693026,6.983928571428571,1.659791384526769,0.7142857142857143,31.642102212220202,1.0,44.254968544128204
全量净需求,茄类,近7日均值,八折主要回测,2021-06-30,2021-07-01,2021-07-07,362,7,2021-06-30,是,通过,0.45956416966169433,17.838574113636803,20.111986178405306,2.2678408382002164,2.6774485953367915,8.919287056818401,3.714430367037975,0.5714285714285714,28.264977382879664,0.7142857142857143,38.48630817113732
全量净需求,茄类,近14日均值,八折主要回测,2021-06-30,2021-07-01,2021-07-07,362,7,2021-06-30,是,通过,0.4595641696616941,17.838574113636792,20.1119861784053,2.267840838200215,2.6774485953367915,8.919287056818396,3.7144303670379704,0.5714285714285714,28.264977382879685,0.7142857142857143,38.48630817113732
全量净需求,茄类,星期加月份对数回归,八折主要回测,2021-06-30,2021-07-01,2021-07-07,362,7,2021-06-30,是,通过,0.31024486280389835,12.04255323598549,12.629510942558062,1.53098525985271,1.1934567287836113,6.021276617992745,2.637181585055227,0.7142857142857143,33.762762434751195,1.0,42.250695575610905
全量净需求,茄类,星期加月份及趋势对数回归,八折主要回测,2021-06-30,2021-07-01,2021-07-07,362,7,2021-06-30,是,通过,0.5255112660673599,20.39839544974666,22.32310361243563,2.5932742123894856,2.604565983600376,10.19919772487333,11.336069257865114,0.0,13.450027327264738,0.0,17.58330170190295
全量净需求,茄类,同星期最近4次均值,八折主要回测,2022-06-30,2022-07-01,2022-07-07,726,7,2022-06-30,是,通过,0.4986757493335179,10.399099119030137,11.594394271348666,1.2690754643192101,1.0675835702517624,5.199549559515068,3.437720869252684,0.8571428571428571,41.390515171445216,1.0,56.80281723646421
全量净需求,茄类,同星期最近8次中位数,八折主要回测,2022-06-30,2022-07-01,2022-07-07,726,7,2022-06-30,是,通过,0.5163111238987763,10.76685714285714,12.1944530012625,1.3139555716730573,0.8291692992223654,5.38342857142857,3.7256062595145,0.8571428571428571,43.54720959271582,1.0,58.12812140612925
全量净需求,茄类,近7日均值,八折主要回测,2022-06-30,2022-07-01,2022-07-07,726,7,2022-06-30,是,通过,0.382342058929295,7.973142815734988,10.138838354195475,0.9730188937660545,1.2069340315703645,3.986571407867494,2.2653294785182485,0.7142857142857143,30.08051809793236,1.0,41.15824695098218
全量净需求,茄类,近14日均值,八折主要回测,2022-06-30,2022-07-01,2022-07-07,726,7,2022-06-30,是,通过,0.38234205892929507,7.973142815734989,10.138838354195475,0.9730188937660547,1.2069340315703645,3.9865714078674945,2.2653294785182485,0.7142857142857143,30.08051809793236,1.0,41.15824695098218
全量净需求,茄类,星期加月份对数回归,八折主要回测,2022-06-30,2022-07-01,2022-07-07,726,7,2022-06-30,是,通过,0.8697207983284888,18.136660545028978,18.778988888146642,2.213344698317405,4.4066651983638465,9.068330272514489,3.963044304589886,0.14285714285714285,36.56197954010399,0.2857142857142857,47.58039119704845
全量净需求,茄类,星期加月份及趋势对数回归,八折主要回测,2022-06-30,2022-07-01,2022-07-07,726,7,2022-06-30,是,通过,0.466130606452801,9.72042130662017,10.23583684544304,1.1862516206334455,1.5323449167183316,4.860210653310085,2.398809030940431,0.5714285714285714,26.165492629835125,0.8571428571428571,35.43981151519514
全量净需求,辣椒类,同星期最近4次均值,八折主要回测,2021-06-30,2021-07-01,2021-07-07,363,7,2021-06-30,是,通过,0.08865764209633237,4.764221044085496,7.423397288609248,0.22393444504592225,1.361707286404451,2.382110522042748,3.053597130195365,1.0,44.15304416599816,1.0,66.48732039572242
全量净需求,辣椒类,同星期最近8次中位数,八折主要回测,2021-06-30,2021-07-01,2021-07-07,363,7,2021-06-30,是,通过,0.23305180494522298,12.52357142857143,15.921585126128978,0.5886500630216736,1.875542969146202,6.261785714285715,4.391595953590576,0.8571428571428571,50.40358067490894,0.8571428571428571,75.53806651938699
全量净需求,辣椒类,近7日均值,八折主要回测,2021-06-30,2021-07-01,2021-07-07,363,7,2021-06-30,是,通过,0.2807255403936085,15.085428571428592,16.570655328018884,0.7090659824897366,1.7863965368224772,7.542714285714296,5.066839394419156,0.8571428571428571,60.63009379928616,0.8571428571428571,83.23130306001246
全量净需求,辣椒类,近14日均值,八折主要回测,2021-06-30,2021-07-01,2021-07-07,363,7,2021-06-30,是,通过,0.28072554039360864,15.085428571428602,16.570655328018898,0.7090659824897372,1.7863965368224777,7.542714285714301,5.06683939441916,0.8571428571428571,60.6300937992862,0.8571428571428571,83.23130306001248
全量净需求,辣椒类,星期加月份对数回归,八折主要回测,2021-06-30,2021-07-01,2021-07-07,363,7,2021-06-30,是,通过,0.34701796073634966,18.647803304078,20.55179449420888,0.8765096005376034,3.5213916537228505,9.323901652039,4.251095620257112,0.5714285714285714,41.234199761491844,0.7142857142857143,54.78638343265804
全量净需求,辣椒类,星期加月份及趋势对数回归,八折主要回测,2021-06-30,2021-07-01,2021-07-07,363,7,2021-06-30,是,通过,0.6960138584506039,37.40189557266251,38.26818099992747,1.758015140613071,4.1127199607310505,18.700947786331255,28.850263614747753,0.0,9.071351146479666,0.0,12.905565751251071
全量净需求,辣椒类,同星期最近4次均值,八折主要回测,2022-06-30,2022-07-01,2022-07-07,727,7,2022-06-30,是,通过,0.26373306596108337,12.364333598387512,13.981224773315331,0.5951015313412438,2.39795257856433,6.182166799193756,2.28884697135894,0.7142857142857143,37.91164629246364,1.0,52.06249115355555
全量净需求,辣椒类,同星期最近8次中位数,八折主要回测,2022-06-30,2022-07-01,2022-07-07,727,7,2022-06-30,是,通过,0.18399690408137143,8.626142857142856,10.263797480186643,0.4151805500074439,2.090357832338943,4.313071428571428,2.412268417666423,1.0,45.026262500053676,1.0,60.6039930238843
全量净需求,辣椒类,近7日均值,八折主要回测,2022-06-30,2022-07-01,2022-07-07,727,7,2022-06-30,是,通过,0.28232583934132566,13.23600000000003,16.854738062125378,0.6370552691865226,2.5303020057333447,6.618000000000015,5.00275137290101,0.8571428571428571,62.84046692856539,0.8571428571428571,88.01460006990055
全量净需求,辣椒类,近14日均值,八折主要回测,2022-06-30,2022-07-01,2022-07-07,727,7,2022-06-30,是,通过,0.2823258393413255,13.236000000000022,16.85473806212537,0.6370552691865221,2.5303020057333443,6.618000000000011,5.00275137290101,0.8571428571428571,62.84046692856542,0.8571428571428571,88.01460006990054
全量净需求,辣椒类,星期加月份对数回归,八折主要回测,2022-06-30,2022-07-01,2022-07-07,727,7,2022-06-30,是,通过,0.3598263839647637,16.869380533036054,19.391635579465206,0.8119316830222983,2.452188081908308,8.434690266518027,4.71887754476925,0.8571428571428571,52.161246865589376,0.8571428571428571,69.74370123901409
全量净需求,辣椒类,星期加月份及趋势对数回归,八折主要回测,2022-06-30,2022-07-01,2022-07-07,727,7,2022-06-30,是,通过,0.171749998766225,8.05198344215816,9.387317218374264,0.387545971534412,2.089553509488569,4.02599172107908,1.6487167090593289,0.8571428571428571,32.83574188497353,0.8571428571428571,41.56366979357967
全量净需求,食用菌,同星期最近4次均值,八折主要回测,2021-06-30,2021-07-01,2021-07-07,363,7,2021-06-30,是,通过,0.2520462284573345,10.123868845237622,12.989801812191509,0.39377090787906155,2.3145750870645974,5.061934422618811,1.9994692119384045,1.0,43.14044299003001,1.0,57.039905132937896
全量净需求,食用菌,同星期最近8次中位数,八折主要回测,2021-06-30,2021-07-01,2021-07-07,363,7,2021-06-30,是,通过,0.19726888290588873,7.923642857142859,10.489472649484615,0.3081924597466821,2.048337573687109,3.9618214285714295,2.8193636793989625,1.0,48.67701253086072,1.0,62.409702323034544
全量净需求,食用菌,近7日均值,八折主要回测,2021-06-30,2021-07-01,2021-07-07,363,7,2021-06-30,是,通过,0.5997538829236719,24.090142857142865,26.062038328901732,0.9369933143944029,1.7273988102973,12.045071428571433,8.86971014557991,0.7142857142857143,95.99912983991258,0.8571428571428571,129.04560713914668
全量净需求,食用菌,近14日均值,八折主要回测,2021-06-30,2021-07-01,2021-07-07,363,7,2021-06-30,是,通过,0.5997538829236715,24.090142857142844,26.062038328901714,0.936993314394402,1.727398810297297,12.045071428571422,8.869710145579905,0.7142857142857143,95.99912983991256,0.8571428571428571,129.04560713914665
全量净需求,食用菌,星期加月份对数回归,八折主要回测,2021-06-30,2021-07-01,2021-07-07,363,7,2021-06-30,是,通过,0.34507134259005173,13.860382026002439,16.030251007664827,0.5391037060399121,3.328581888689324,6.930191013001219,3.536586680426318,0.42857142857142855,35.94830402293524,0.42857142857142855,53.87959798986424
全量净需求,食用菌,星期加月份及趋势对数回归,八折主要回测,2021-06-30,2021-07-01,2021-07-07,363,7,2021-06-30,是,通过,0.7437133185428354,29.872520376390487,31.833340878155234,1.16190061813972,3.2670397269456366,14.936260188195243,23.089152283831062,0.0,7.0157836207551885,0.0,9.739900152517416
全量净需求,食用菌,同星期最近4次均值,八折主要回测,2022-06-30,2022-07-01,2022-07-07,727,7,2022-06-30,是,通过,0.2944163743213371,12.083983608162916,14.6133585666272,0.5745863942144839,2.5692782041453706,6.041991804081458,2.208793967584533,0.8571428571428571,46.88879741731408,1.0,60.81364936438886
全量净需求,食用菌,同星期最近8次中位数,八折主要回测,2022-06-30,2022-07-01,2022-07-07,727,7,2022-06-30,是,通过,0.27240373537714,11.180499999999999,14.926372077395671,0.5316262739859574,2.519920988342569,5.590249999999999,2.691267184053347,0.8571428571428571,48.50896562070104,1.0,63.40137695014773
全量净需求,食用菌,近7日均值,八折主要回测,2022-06-30,2022-07-01,2022-07-07,727,7,2022-06-30,是,通过,0.20574159348710602,8.444428571428569,10.535198303103469,0.4015276684736042,1.5065353196266205,4.222214285714284,6.926493554312929,1.0,84.33028873939553,1.0,116.79148891941568
全量净需求,食用菌,近14日均值,八折主要回测,2022-06-30,2022-07-01,2022-07-07,727,7,2022-06-30,是,通过,0.20574159348710602,8.444428571428569,10.535198303103469,0.4015276684736042,1.5065353196266205,4.222214285714284,6.926493554312929,1.0,84.33028873939553,1.0,116.79148891941567
全量净需求,食用菌,星期加月份对数回归,八折主要回测,2022-06-30,2022-07-01,2022-07-07,727,7,2022-06-30,是,通过,0.2746311684765536,11.2719224459276,12.588346468697317,0.5359733581313153,1.3483984750647715,5.6359612229638,3.8395629024572804,1.0,51.87961377522053,1.0,72.9790178343357
全量净需求,食用菌,星期加月份及趋势对数回归,八折主要回测,2022-06-30,2022-07-01,2022-07-07,727,7,2022-06-30,是,通过,0.4747375112149563,19.485058590662213,21.000912075873245,0.9265032062029269,2.6954916706961565,9.742529295331106,7.511039426918921,0.14285714285714285,18.690362818654908,0.5714285714285714,25.71432691510452
